-- MySQL dump 10.13  Distrib 5.6.26, for osx10.8 (x86_64)
--
-- Host: localhost    Database: clash
-- ------------------------------------------------------
-- Server version	5.6.26

/*!40101 SET @OLD_CHARACTER_SET_CLIENT=@@CHARACTER_SET_CLIENT */;
/*!40101 SET @OLD_CHARACTER_SET_RESULTS=@@CHARACTER_SET_RESULTS */;
/*!40101 SET @OLD_COLLATION_CONNECTION=@@COLLATION_CONNECTION */;
/*!40101 SET NAMES utf8 */;
/*!40103 SET @OLD_TIME_ZONE=@@TIME_ZONE */;
/*!40103 SET TIME_ZONE='+00:00' */;
/*!40014 SET @OLD_UNIQUE_CHECKS=@@UNIQUE_CHECKS, UNIQUE_CHECKS=0 */;
/*!40014 SET @OLD_FOREIGN_KEY_CHECKS=@@FOREIGN_KEY_CHECKS, FOREIGN_KEY_CHECKS=0 */;
/*!40101 SET @OLD_SQL_MODE=@@SQL_MODE, SQL_MODE='NO_AUTO_VALUE_ON_ZERO' */;
/*!40111 SET @OLD_SQL_NOTES=@@SQL_NOTES, SQL_NOTES=0 */;

--
-- Table structure for table `clan`
--

DROP TABLE IF EXISTS `clan`;
/*!40101 SET @saved_cs_client     = @@character_set_client */;
/*!40101 SET character_set_client = utf8 */;
CREATE TABLE `clan` (
  `id` int(11) NOT NULL AUTO_INCREMENT,
  `name` varchar(50) NOT NULL,
  `tag` varchar(15) NOT NULL,
  `description` varchar(256) DEFAULT NULL,
  `clan_type` varchar(2) NOT NULL DEFAULT 'AN',
  `minimum_trophies` int(11) NOT NULL DEFAULT '0',
  `war_frequency` varchar(2) NOT NULL DEFAULT 'NS',
  `date_created` datetime NOT NULL,
  `date_modified` datetime DEFAULT NULL,
  PRIMARY KEY (`id`),
  UNIQUE KEY `tag` (`tag`)
) ENGINE=InnoDB AUTO_INCREMENT=56 DEFAULT CHARSET=utf8;
/*!40101 SET character_set_client = @saved_cs_client */;

--
-- Dumping data for table `clan`
--

LOCK TABLES `clan` WRITE;
/*!40000 ALTER TABLE `clan` DISABLE KEYS */;
INSERT INTO `clan` VALUES (2,'Free Tacos','#9CUOGURO','Fellow free taconians unite! War searches start Sun, Wed, & Fri at ~6-8pm EST. Download Kik Messenger and message SoloEspero for info. Elder: 50 new war stars! All levels welcome! Use both attacks or you won\'t be in next war. Clan Made: Dec. 28, 2014','IN',0,'AL','2015-09-11 19:41:19','2015-12-17 16:06:47'),(12,'Groups','#R9ULCVJ','','AN',0,'NS','2015-09-12 15:07:31',NULL),(22,'The Batmans','#8O89QVPY','','AN',0,'NS','2015-09-12 16:22:23',NULL),(32,'COC Babes','#PULOJGJ9','','AN',0,'NS','2015-09-12 18:35:31',NULL),(42,'The W&B shoow','#LQQOU888','','AN',0,'NS','2015-09-12 19:01:30',NULL),(52,'pet value','#9JJY2U2U','','AN',0,'NS','2015-09-12 19:36:30',NULL),(53,'Cloud649','#2V2O9PLU','','AN',0,'NS','2015-12-28 21:00:17',NULL),(54,'AKATSUKI (&)','#Y9UJCGUJ','','AN',0,'NS','2015-12-28 21:15:30',NULL),(55,'ir.kings','#28RGPR8O','','AN',0,'NS','2015-12-28 21:28:13',NULL);
/*!40000 ALTER TABLE `clan` ENABLE KEYS */;
UNLOCK TABLES;

--
-- Table structure for table `clan_member`
--

DROP TABLE IF EXISTS `clan_member`;
/*!40101 SET @saved_cs_client     = @@character_set_client */;
/*!40101 SET character_set_client = utf8 */;
CREATE TABLE `clan_member` (
  `player_id` int(11) NOT NULL,
  `clan_id` int(11) NOT NULL,
  `rank` varchar(2) NOT NULL,
  `date_created` datetime NOT NULL,
  `date_modified` datetime DEFAULT NULL,
  `date_left` datetime DEFAULT NULL,
  `war_rank` int(11) NOT NULL,
  PRIMARY KEY (`player_id`,`clan_id`),
  KEY `clan_id` (`clan_id`),
  CONSTRAINT `clan_member_ibfk_1` FOREIGN KEY (`player_id`) REFERENCES `player` (`id`),
  CONSTRAINT `clan_member_ibfk_2` FOREIGN KEY (`clan_id`) REFERENCES `clan` (`id`)
) ENGINE=InnoDB DEFAULT CHARSET=utf8;
/*!40101 SET character_set_client = @saved_cs_client */;

--
-- Dumping data for table `clan_member`
--

LOCK TABLES `clan_member` WRITE;
/*!40000 ALTER TABLE `clan_member` DISABLE KEYS */;
INSERT INTO `clan_member` VALUES (2,2,'LE','2015-09-11 19:41:50','2015-12-29 13:01:00','2015-12-29 13:00:10',1),(12,2,'EX','2015-09-11 19:42:49','2015-12-28 16:18:08','2015-12-28 16:18:08',2),(22,2,'CO','2015-09-11 19:43:06',NULL,NULL,3),(32,2,'EL','2015-09-11 19:43:26',NULL,NULL,4),(42,2,'EL','2015-09-11 19:43:48',NULL,NULL,13),(52,2,'EL','2015-09-11 19:44:05',NULL,NULL,9),(62,2,'ME','2015-09-11 19:44:21','2015-12-17 16:16:38',NULL,7),(72,2,'EX','2015-09-11 19:44:32','2015-12-17 16:18:57','2015-12-17 16:18:57',8),(82,2,'CO','2015-09-11 19:44:51',NULL,NULL,17),(92,2,'ME','2015-09-11 19:45:08','2015-09-12 22:14:45',NULL,15),(102,2,'EL','2015-09-11 19:45:24',NULL,NULL,11),(112,2,'EL','2015-09-11 19:45:39',NULL,NULL,12),(122,2,'CO','2015-09-11 19:46:00',NULL,NULL,6),(132,2,'ME','2015-09-11 19:46:50',NULL,NULL,10),(142,2,'ME','2015-09-11 19:47:08',NULL,NULL,26),(152,2,'EX','2015-09-11 19:47:24','2015-12-28 16:17:59','2015-12-28 16:17:59',16),(162,2,'ME','2015-09-11 19:47:44','2015-12-29 13:24:52',NULL,19),(172,2,'CO','2015-09-11 19:48:05',NULL,NULL,18),(182,2,'KI','2015-09-11 19:48:20','2015-12-28 16:18:26','2015-12-28 16:18:26',29),(192,2,'EL','2015-09-11 19:48:35',NULL,NULL,5),(202,2,'EX','2015-09-11 19:49:02','2015-12-17 16:20:20','2015-12-17 16:20:20',21),(212,2,'EL','2015-09-11 19:49:26',NULL,NULL,22),(222,2,'EL','2015-09-11 19:50:02',NULL,NULL,40),(232,2,'EX','2015-09-11 19:50:19','2015-12-17 16:18:51','2015-12-17 16:18:51',34),(242,2,'ME','2015-09-11 19:50:40',NULL,NULL,14),(252,2,'ME','2015-09-11 19:50:56',NULL,NULL,54),(262,2,'ME','2015-09-11 19:51:10',NULL,NULL,27),(272,2,'ME','2015-09-11 19:51:26',NULL,NULL,28),(282,2,'CO','2015-09-11 19:51:43','2015-12-28 16:21:11',NULL,25),(292,2,'EL','2015-09-11 19:51:59','2015-12-17 16:16:25',NULL,30),(302,2,'ME','2015-09-11 19:52:15','2015-12-17 16:17:21',NULL,23),(312,2,'EX','2015-09-11 19:52:33','2015-12-17 16:17:50','2015-12-17 16:17:50',42),(322,2,'EL','2015-09-11 19:52:52',NULL,NULL,58),(332,2,'ME','2015-09-11 19:53:08',NULL,NULL,51),(342,2,'EX','2015-09-11 19:53:30','2015-12-17 16:16:17','2015-12-17 16:16:17',35),(352,2,'ME','2015-09-11 19:53:49',NULL,NULL,36),(362,2,'EX','2015-09-11 19:54:03','2015-12-28 16:18:35','2015-12-28 16:18:35',37),(372,2,'ME','2015-09-11 19:54:24',NULL,NULL,38),(382,2,'KI','2015-09-11 19:54:49','2015-12-17 16:18:22','2015-12-17 16:18:22',39),(392,2,'EL','2015-09-11 19:55:05','2015-12-28 16:23:58',NULL,65),(402,2,'KI','2015-09-11 19:55:20','2015-12-17 16:17:56','2015-12-17 16:17:56',41),(412,2,'KI','2015-09-11 19:55:47','2015-12-28 16:18:45','2015-12-28 16:18:45',50),(422,2,'KI','2015-09-11 19:56:15','2015-12-17 16:18:06','2015-12-17 16:18:06',43),(432,2,'EX','2015-09-11 19:56:35','2015-12-17 16:18:15','2015-12-17 16:18:15',44),(442,2,'ME','2015-09-11 19:57:04',NULL,NULL,45),(472,2,'EX','2015-09-12 02:19:39','2015-12-17 16:18:11','2015-12-17 16:18:11',46),(482,2,'KI','2015-09-12 15:11:43','2015-09-12 16:55:42','2015-09-12 16:55:42',33),(492,2,'KI','2015-09-12 15:12:11','2015-09-12 16:55:25','2015-09-12 16:55:25',24),(502,12,'ME','2015-09-12 15:19:08',NULL,NULL,1),(512,12,'ME','2015-09-12 15:19:34',NULL,NULL,2),(522,12,'ME','2015-09-12 15:19:53',NULL,NULL,3),(532,12,'ME','2015-09-12 15:20:09',NULL,NULL,4),(542,12,'ME','2015-09-12 15:20:59',NULL,NULL,5),(552,12,'ME','2015-09-12 15:21:15',NULL,NULL,6),(562,12,'ME','2015-09-12 15:21:30',NULL,NULL,8),(572,12,'ME','2015-09-12 15:22:00',NULL,NULL,10),(582,12,'ME','2015-09-12 15:23:20',NULL,NULL,7),(592,12,'ME','2015-09-12 15:23:42',NULL,NULL,9),(602,12,'ME','2015-09-12 15:23:58',NULL,NULL,11),(612,12,'ME','2015-09-12 15:24:15',NULL,NULL,12),(622,12,'ME','2015-09-12 15:24:31',NULL,NULL,13),(632,12,'ME','2015-09-12 15:24:49',NULL,NULL,14),(642,12,'ME','2015-09-12 15:25:05',NULL,NULL,15),(652,2,'KI','2015-09-12 16:25:37','2015-09-12 16:55:01','2015-09-12 16:55:01',49),(662,2,'KI','2015-09-12 16:26:19','2015-09-12 16:54:33','2015-09-12 16:54:33',47),(672,22,'ME','2015-09-12 16:28:35',NULL,NULL,1),(682,22,'ME','2015-09-12 16:28:55',NULL,NULL,2),(692,22,'ME','2015-09-12 16:29:15',NULL,NULL,3),(702,22,'ME','2015-09-12 16:29:33',NULL,NULL,4),(712,22,'ME','2015-09-12 16:29:51',NULL,NULL,5),(722,22,'ME','2015-09-12 16:30:11',NULL,NULL,6),(732,22,'ME','2015-09-12 16:30:32',NULL,NULL,7),(742,22,'ME','2015-09-12 16:31:01',NULL,NULL,8),(752,22,'ME','2015-09-12 16:31:24',NULL,NULL,9),(762,22,'ME','2015-09-12 16:32:33',NULL,NULL,10),(772,22,'ME','2015-09-12 16:32:56',NULL,NULL,11),(782,22,'ME','2015-09-12 16:33:18',NULL,NULL,12),(792,22,'ME','2015-09-12 16:33:41',NULL,NULL,13),(802,22,'ME','2015-09-12 16:34:08',NULL,NULL,14),(812,22,'ME','2015-09-12 16:34:36',NULL,NULL,15),(822,32,'ME','2015-09-12 18:43:25',NULL,NULL,1),(832,32,'ME','2015-09-12 18:43:46',NULL,NULL,2),(842,32,'ME','2015-09-12 18:44:04',NULL,NULL,3),(852,32,'ME','2015-09-12 18:44:22',NULL,NULL,4),(862,32,'ME','2015-09-12 18:44:41',NULL,NULL,5),(872,32,'ME','2015-09-12 18:46:14',NULL,NULL,6),(882,32,'ME','2015-09-12 18:46:28',NULL,NULL,7),(892,32,'ME','2015-09-12 18:46:45',NULL,NULL,8),(902,32,'ME','2015-09-12 18:47:03',NULL,NULL,9),(912,32,'ME','2015-09-12 18:47:22',NULL,NULL,10),(922,42,'ME','2015-09-12 19:02:45',NULL,NULL,1),(932,42,'ME','2015-09-12 19:03:03',NULL,NULL,2),(942,42,'ME','2015-09-12 19:03:19',NULL,NULL,3),(952,42,'ME','2015-09-12 19:03:36',NULL,NULL,4),(962,42,'ME','2015-09-12 19:03:49',NULL,NULL,5),(972,42,'ME','2015-09-12 19:04:05',NULL,NULL,6),(982,42,'ME','2015-09-12 19:04:25',NULL,NULL,7),(992,42,'ME','2015-09-12 19:04:43',NULL,NULL,8),(1002,42,'ME','2015-09-12 19:05:01',NULL,NULL,9),(1012,42,'ME','2015-09-12 19:05:22',NULL,NULL,10),(1022,52,'ME','2015-09-12 19:39:08',NULL,NULL,1),(1032,52,'ME','2015-09-12 19:39:24',NULL,NULL,2),(1042,52,'ME','2015-09-12 19:39:42',NULL,NULL,3),(1052,52,'ME','2015-09-12 19:40:10',NULL,NULL,4),(1062,52,'ME','2015-09-12 19:40:27',NULL,NULL,5),(1072,52,'ME','2015-09-12 19:40:45',NULL,NULL,6),(1082,52,'ME','2015-09-12 19:41:04',NULL,NULL,7),(1092,52,'ME','2015-09-12 19:41:29',NULL,NULL,8),(1102,52,'ME','2015-09-12 19:41:47',NULL,NULL,9),(1112,52,'ME','2015-09-12 19:42:07',NULL,NULL,10),(1122,52,'ME','2015-09-12 19:42:26',NULL,NULL,11),(1132,52,'ME','2015-09-12 19:42:58',NULL,NULL,12),(1142,52,'ME','2015-09-12 19:43:23',NULL,NULL,13),(1152,52,'ME','2015-09-12 19:44:05',NULL,NULL,14),(1162,52,'ME','2015-09-12 19:44:26',NULL,NULL,15),(1163,2,'ME','2015-12-28 16:19:14',NULL,NULL,31),(1164,2,'ME','2015-12-28 16:19:36',NULL,NULL,52),(1165,2,'ME','2015-12-28 16:19:55',NULL,NULL,53),(1166,2,'EL','2015-12-28 16:20:35',NULL,NULL,20),(1167,2,'EL','2015-12-28 16:20:53',NULL,NULL,55),(1168,2,'ME','2015-12-28 16:21:40',NULL,NULL,32),(1169,2,'ME','2015-12-28 16:22:00',NULL,NULL,57),(1170,2,'ME','2015-12-28 16:22:16',NULL,NULL,56),(1171,2,'ME','2015-12-28 16:22:45',NULL,NULL,59),(1172,2,'ME','2015-12-28 16:23:02',NULL,NULL,60),(1173,2,'EL','2015-12-28 16:23:23',NULL,NULL,61),(1174,2,'ME','2015-12-28 16:23:36',NULL,NULL,62),(1175,2,'ME','2015-12-28 16:24:18',NULL,NULL,63),(1176,2,'ME','2015-12-28 16:24:32',NULL,NULL,64),(1177,2,'KI','2015-12-28 21:01:45','2015-12-28 21:58:32','2015-12-28 21:58:32',48),(1178,53,'ME','2015-12-28 21:02:49',NULL,NULL,1),(1179,53,'ME','2015-12-28 21:03:05',NULL,NULL,2),(1180,53,'ME','2015-12-28 21:03:22',NULL,NULL,3),(1181,53,'ME','2015-12-28 21:03:36',NULL,NULL,4),(1182,53,'ME','2015-12-28 21:03:54',NULL,NULL,5),(1183,53,'ME','2015-12-28 21:04:11',NULL,NULL,6),(1184,53,'ME','2015-12-28 21:04:22',NULL,NULL,7),(1185,53,'ME','2015-12-28 21:04:41',NULL,NULL,8),(1186,53,'ME','2015-12-28 21:04:59',NULL,NULL,9),(1187,53,'ME','2015-12-28 21:05:15',NULL,NULL,10),(1188,54,'ME','2015-12-28 21:17:25',NULL,NULL,1),(1189,54,'ME','2015-12-28 21:17:42',NULL,NULL,2),(1190,54,'ME','2015-12-28 21:18:02',NULL,NULL,3),(1191,54,'ME','2015-12-28 21:18:21',NULL,NULL,4),(1192,54,'ME','2015-12-28 21:18:43',NULL,NULL,5),(1193,54,'ME','2015-12-28 21:19:06',NULL,NULL,6),(1194,54,'ME','2015-12-28 21:19:28',NULL,NULL,7),(1195,54,'ME','2015-12-28 21:19:44',NULL,NULL,8),(1196,54,'ME','2015-12-28 21:20:02',NULL,NULL,9),(1197,54,'ME','2015-12-28 21:20:16',NULL,NULL,10),(1198,55,'ME','2015-12-28 22:07:20',NULL,NULL,1),(1199,55,'ME','2015-12-28 22:09:14',NULL,NULL,2),(1200,55,'ME','2015-12-28 22:09:28',NULL,NULL,3),(1201,55,'ME','2015-12-28 22:09:41',NULL,NULL,4),(1202,55,'ME','2015-12-28 22:09:58',NULL,NULL,5),(1203,55,'ME','2015-12-28 22:10:16',NULL,NULL,6),(1204,55,'ME','2015-12-28 22:10:32',NULL,NULL,7),(1205,55,'ME','2015-12-28 22:10:50',NULL,NULL,8),(1206,55,'ME','2015-12-28 22:11:06',NULL,NULL,9),(1207,55,'ME','2015-12-28 22:11:24',NULL,NULL,10),(1208,55,'ME','2015-12-28 22:11:41',NULL,NULL,11),(1209,55,'ME','2015-12-28 22:11:54',NULL,NULL,12),(1210,55,'ME','2015-12-28 22:12:15',NULL,NULL,13),(1211,55,'ME','2015-12-28 22:12:30',NULL,NULL,14),(1212,55,'ME','2015-12-28 22:12:46',NULL,NULL,15),(1213,2,'ME','2015-12-29 11:23:25',NULL,NULL,66);
/*!40000 ALTER TABLE `clan_member` ENABLE KEYS */;
UNLOCK TABLES;

--
-- Table structure for table `loot`
--

DROP TABLE IF EXISTS `loot`;
/*!40101 SET @saved_cs_client     = @@character_set_client */;
/*!40101 SET character_set_client = utf8 */;
CREATE TABLE `loot` (
  `player_id` int(11) NOT NULL,
  `date_recorded` datetime NOT NULL,
  `loot_type` varchar(2) NOT NULL,
  `loot_amount` int(11) NOT NULL,
  KEY `player_id` (`player_id`),
  CONSTRAINT `loot_ibfk_1` FOREIGN KEY (`player_id`) REFERENCES `player` (`id`)
) ENGINE=InnoDB DEFAULT CHARSET=utf8;
/*!40101 SET character_set_client = @saved_cs_client */;

--
-- Dumping data for table `loot`
--

LOCK TABLES `loot` WRITE;
/*!40000 ALTER TABLE `loot` DISABLE KEYS */;
INSERT INTO `loot` VALUES (182,'2015-05-25 00:00:00','GO',15413156),(182,'2015-06-01 00:00:00','GO',17101422),(182,'2015-06-08 00:00:00','GO',18800430),(182,'2015-06-15 00:00:00','GO',20210869),(182,'2015-06-22 00:00:00','GO',23176356),(182,'2015-06-29 00:00:00','GO',27298264),(182,'2015-07-06 00:00:00','GO',31377810),(182,'2015-07-13 00:00:00','GO',36005216),(182,'2015-07-20 00:00:00','GO',40201545),(182,'2015-07-27 00:00:00','GO',43106485),(182,'2015-08-03 00:00:00','GO',49985336),(182,'2015-08-10 00:00:00','GO',55419953),(182,'2015-08-17 00:00:00','GO',58946024),(182,'2015-08-24 00:00:00','GO',61244438),(182,'2015-08-31 00:00:00','GO',63931410),(182,'2015-09-07 00:00:00','GO',66558608),(152,'2015-03-09 00:00:00','GO',54123980),(152,'2015-03-16 00:00:00','GO',58301268),(152,'2015-03-23 00:00:00','GO',58817612),(152,'2015-03-30 00:00:00','GO',61704419),(152,'2015-04-06 00:00:00','GO',63924809),(152,'2015-04-13 00:00:00','GO',66186825),(152,'2015-04-20 00:00:00','GO',68770432),(152,'2015-04-27 00:00:00','GO',73973797),(152,'2015-05-04 00:00:00','GO',81323542),(152,'2015-05-11 00:00:00','GO',85465775),(152,'2015-05-18 00:00:00','GO',87653932),(152,'2015-05-25 00:00:00','GO',87653932),(152,'2015-06-01 00:00:00','GO',87930909),(152,'2015-06-08 00:00:00','GO',91504797),(152,'2015-06-15 00:00:00','GO',93025048),(152,'2015-06-22 00:00:00','GO',94713241),(152,'2015-06-29 00:00:00','GO',96096347),(152,'2015-07-06 00:00:00','GO',97242073),(152,'2015-07-13 00:00:00','GO',98353330),(152,'2015-07-20 00:00:00','GO',99941373),(152,'2015-07-27 00:00:00','GO',102521706),(152,'2015-08-03 00:00:00','GO',105539443),(152,'2015-08-10 00:00:00','GO',107587946),(152,'2015-08-17 00:00:00','GO',111014884),(152,'2015-08-24 00:00:00','GO',113784398),(152,'2015-08-31 00:00:00','GO',115075434),(152,'2015-09-07 00:00:00','GO',117242708),(72,'2015-03-16 00:00:00','GO',76769474),(72,'2015-03-23 00:00:00','GO',77210280),(72,'2015-03-30 00:00:00','GO',79085236),(72,'2015-04-06 00:00:00','GO',80985322),(72,'2015-04-13 00:00:00','GO',82509097),(72,'2015-04-20 00:00:00','GO',86322700),(72,'2015-04-27 00:00:00','GO',88933041),(72,'2015-05-04 00:00:00','GO',94661132),(72,'2015-05-11 00:00:00','GO',98436616),(72,'2015-05-18 00:00:00','GO',101722441),(72,'2015-05-25 00:00:00','GO',105320805),(72,'2015-06-01 00:00:00','GO',109868298),(72,'2015-06-08 00:00:00','GO',112654702),(72,'2015-06-15 00:00:00','GO',114866280),(72,'2015-06-22 00:00:00','GO',116857379),(72,'2015-06-29 00:00:00','GO',118030738),(72,'2015-07-06 00:00:00','GO',121414513),(72,'2015-07-13 00:00:00','GO',123281370),(72,'2015-07-20 00:00:00','GO',125608110),(72,'2015-07-27 00:00:00','GO',129318890),(72,'2015-08-03 00:00:00','GO',133004996),(72,'2015-08-10 00:00:00','GO',134865500),(72,'2015-08-17 00:00:00','GO',137207553),(72,'2015-08-24 00:00:00','GO',138760110),(72,'2015-08-31 00:00:00','GO',140274437),(72,'2015-09-07 00:00:00','GO',141820986),(12,'2015-05-18 00:00:00','GO',249218561),(12,'2015-05-25 00:00:00','GO',257095534),(12,'2015-06-01 00:00:00','GO',259367450),(12,'2015-06-08 00:00:00','GO',261931220),(12,'2015-06-15 00:00:00','GO',266562103),(12,'2015-06-22 00:00:00','GO',272436376),(12,'2015-06-29 00:00:00','GO',275195173),(12,'2015-07-06 00:00:00','GO',276760676),(12,'2015-07-13 00:00:00','GO',279084388),(12,'2015-07-20 00:00:00','GO',279543373),(12,'2015-07-27 00:00:00','GO',280887828),(12,'2015-08-03 00:00:00','GO',282159599),(12,'2015-08-10 00:00:00','GO',282835555),(12,'2015-08-17 00:00:00','GO',283103674),(12,'2015-08-24 00:00:00','GO',283843295),(12,'2015-08-31 00:00:00','GO',283843295),(12,'2015-09-07 00:00:00','GO',284997794),(232,'2015-08-31 00:00:00','GO',11759144),(232,'2015-09-07 00:00:00','GO',12596363),(362,'2015-07-06 00:00:00','GO',19866309),(362,'2015-07-13 00:00:00','GO',19917921),(362,'2015-07-20 00:00:00','GO',19917921),(362,'2015-07-27 00:00:00','GO',19917921),(362,'2015-08-03 00:00:00','GO',22699913),(362,'2015-08-10 00:00:00','GO',22699913),(362,'2015-08-17 00:00:00','GO',22699913),(362,'2015-08-24 00:00:00','GO',23013786),(362,'2015-08-31 00:00:00','GO',23013786),(362,'2015-09-07 00:00:00','GO',23245839),(412,'2015-08-31 00:00:00','GO',666722),(412,'2015-09-07 00:00:00','GO',852940),(382,'2015-08-31 00:00:00','GO',1569459),(382,'2015-09-07 00:00:00','GO',1693486),(432,'2015-06-22 00:00:00','GO',617451),(432,'2015-06-29 00:00:00','GO',1278161),(432,'2015-07-06 00:00:00','GO',1591457),(432,'2015-07-13 00:00:00','GO',1593192),(432,'2015-07-20 00:00:00','GO',1593192),(432,'2015-07-27 00:00:00','GO',1593192),(432,'2015-08-03 00:00:00','GO',1692656),(432,'2015-08-10 00:00:00','GO',1890846),(432,'2015-08-17 00:00:00','GO',2109981),(432,'2015-08-24 00:00:00','GO',2109981),(432,'2015-08-31 00:00:00','GO',2109981),(432,'2015-09-07 00:00:00','GO',2126981),(402,'2015-02-23 00:00:00','GO',1945391),(402,'2015-03-02 00:00:00','GO',2071252),(402,'2015-03-09 00:00:00','GO',4756743),(402,'2015-03-16 00:00:00','GO',5410979),(402,'2015-03-23 00:00:00','GO',5410979),(402,'2015-03-30 00:00:00','GO',5587256),(402,'2015-04-06 00:00:00','GO',5687569),(402,'2015-04-13 00:00:00','GO',5904244),(402,'2015-04-20 00:00:00','GO',6132522),(402,'2015-04-27 00:00:00','GO',7328682),(402,'2015-05-04 00:00:00','GO',8425153),(402,'2015-05-11 00:00:00','GO',9291022),(402,'2015-05-18 00:00:00','GO',10547619),(402,'2015-05-25 00:00:00','GO',12339020),(402,'2015-06-01 00:00:00','GO',12339020),(402,'2015-06-08 00:00:00','GO',12339020),(402,'2015-06-15 00:00:00','GO',12752712),(402,'2015-06-22 00:00:00','GO',13375151),(402,'2015-06-29 00:00:00','GO',13664043),(402,'2015-07-06 00:00:00','GO',13664043),(402,'2015-07-13 00:00:00','GO',13853142),(402,'2015-07-20 00:00:00','GO',14213626),(402,'2015-07-27 00:00:00','GO',14251168),(402,'2015-08-03 00:00:00','GO',14316668),(402,'2015-08-10 00:00:00','GO',14573281),(402,'2015-08-17 00:00:00','GO',14573281),(402,'2015-08-24 00:00:00','GO',14573281),(402,'2015-08-31 00:00:00','GO',14573281),(402,'2015-09-07 00:00:00','GO',14573281),(272,'2015-05-18 00:00:00','GO',268100132),(272,'2015-05-25 00:00:00','GO',269401130),(272,'2015-06-01 00:00:00','GO',272342206),(272,'2015-06-08 00:00:00','GO',272571463),(272,'2015-06-15 00:00:00','GO',272617653),(272,'2015-06-22 00:00:00','GO',272617653),(272,'2015-06-29 00:00:00','GO',272617653),(272,'2015-07-06 00:00:00','GO',272617653),(272,'2015-07-13 00:00:00','GO',272617653),(272,'2015-07-20 00:00:00','GO',272617653),(272,'2015-07-27 00:00:00','GO',272617653),(272,'2015-08-03 00:00:00','GO',272722364),(272,'2015-08-10 00:00:00','GO',272728581),(272,'2015-08-17 00:00:00','GO',272728581),(272,'2015-08-24 00:00:00','GO',272728581),(272,'2015-08-31 00:00:00','GO',272728581),(272,'2015-09-07 00:00:00','GO',272728581),(432,'2015-06-22 00:00:00','EL',643650),(432,'2015-06-29 00:00:00','EL',1280619),(432,'2015-07-06 00:00:00','EL',1600472),(432,'2015-07-13 00:00:00','EL',1601949),(432,'2015-07-20 00:00:00','EL',1601949),(432,'2015-07-27 00:00:00','EL',1601949),(432,'2015-08-03 00:00:00','EL',1711784),(432,'2015-08-10 00:00:00','EL',1847522),(432,'2015-08-17 00:00:00','EL',1966284),(432,'2015-08-24 00:00:00','EL',1966284),(432,'2015-08-31 00:00:00','EL',1966284),(432,'2015-09-07 00:00:00','EL',1983284),(402,'2015-02-23 00:00:00','EL',1474884),(402,'2015-03-02 00:00:00','EL',1543425),(402,'2015-03-09 00:00:00','EL',2982329),(402,'2015-03-16 00:00:00','EL',3646427),(402,'2015-03-23 00:00:00','EL',3646427),(402,'2015-03-30 00:00:00','EL',3817248),(402,'2015-04-06 00:00:00','EL',3920209),(402,'2015-04-13 00:00:00','EL',4098152),(402,'2015-04-20 00:00:00','EL',4342452),(402,'2015-04-27 00:00:00','EL',5079226),(402,'2015-05-04 00:00:00','EL',6213112),(402,'2015-05-11 00:00:00','EL',6718744),(402,'2015-05-18 00:00:00','EL',7743983),(402,'2015-05-25 00:00:00','EL',9075545),(402,'2015-06-01 00:00:00','EL',9075545),(402,'2015-06-08 00:00:00','EL',9075545),(402,'2015-06-15 00:00:00','EL',9460374),(402,'2015-06-22 00:00:00','EL',9891906),(402,'2015-06-29 00:00:00','EL',10274112),(402,'2015-07-06 00:00:00','EL',10274112),(402,'2015-07-13 00:00:00','EL',10476795),(402,'2015-07-20 00:00:00','EL',10729276),(402,'2015-07-27 00:00:00','EL',10769899),(402,'2015-08-03 00:00:00','EL',10769899),(402,'2015-08-10 00:00:00','EL',10991822),(402,'2015-08-17 00:00:00','EL',10991822),(402,'2015-08-24 00:00:00','EL',10991822),(402,'2015-08-31 00:00:00','EL',10991822),(402,'2015-09-07 00:00:00','EL',10991822),(272,'2015-05-18 00:00:00','EL',256141195),(272,'2015-05-25 00:00:00','EL',258581047),(272,'2015-06-01 00:00:00','EL',262161948),(272,'2015-06-08 00:00:00','EL',262388866),(272,'2015-06-15 00:00:00','EL',262400251),(272,'2015-06-22 00:00:00','EL',262400251),(272,'2015-06-29 00:00:00','EL',262400251),(272,'2015-07-06 00:00:00','EL',262400251),(272,'2015-07-13 00:00:00','EL',262400251),(272,'2015-07-20 00:00:00','EL',262400251),(272,'2015-07-27 00:00:00','EL',262400251),(272,'2015-08-03 00:00:00','EL',262477022),(272,'2015-08-10 00:00:00','EL',262528114),(272,'2015-08-17 00:00:00','EL',262528114),(272,'2015-08-24 00:00:00','EL',262528114),(272,'2015-08-31 00:00:00','EL',262528114),(272,'2015-09-07 00:00:00','EL',262528114),(72,'2015-03-16 00:00:00','EL',89163346),(72,'2015-03-23 00:00:00','EL',89906903),(72,'2015-03-30 00:00:00','EL',91687174),(72,'2015-04-06 00:00:00','EL',93650019),(72,'2015-04-13 00:00:00','EL',95178314),(72,'2015-04-20 00:00:00','EL',98790662),(72,'2015-04-27 00:00:00','EL',101538941),(72,'2015-05-04 00:00:00','EL',107547816),(72,'2015-05-11 00:00:00','EL',111930428),(72,'2015-05-18 00:00:00','EL',115517488),(72,'2015-05-25 00:00:00','EL',118548197),(72,'2015-06-01 00:00:00','EL',121891814),(72,'2015-06-08 00:00:00','EL',124554387),(72,'2015-06-15 00:00:00','EL',126623124),(72,'2015-06-22 00:00:00','EL',128597894),(72,'2015-06-29 00:00:00','EL',129760690),(72,'2015-07-06 00:00:00','EL',132147241),(72,'2015-07-13 00:00:00','EL',133593961),(72,'2015-07-20 00:00:00','EL',135715665),(72,'2015-07-27 00:00:00','EL',139723346),(72,'2015-08-03 00:00:00','EL',142829130),(72,'2015-08-10 00:00:00','EL',145125335),(72,'2015-08-17 00:00:00','EL',147761206),(72,'2015-08-24 00:00:00','EL',149321449),(72,'2015-08-31 00:00:00','EL',150765708),(72,'2015-09-07 00:00:00','EL',152225561),(412,'2015-08-31 00:00:00','EL',759054),(412,'2015-09-07 00:00:00','EL',1005108),(232,'2015-08-31 00:00:00','EL',8430646),(232,'2015-09-07 00:00:00','EL',9148616),(382,'2015-08-31 00:00:00','EL',1142134),(382,'2015-09-07 00:00:00','EL',1298038),(12,'2015-05-18 00:00:00','EL',254986990),(12,'2015-05-25 00:00:00','EL',262025024),(12,'2015-06-01 00:00:00','EL',264232789),(12,'2015-06-08 00:00:00','EL',266940373),(12,'2015-06-15 00:00:00','EL',271979360),(12,'2015-06-22 00:00:00','EL',277488840),(12,'2015-06-29 00:00:00','EL',280541779),(12,'2015-07-06 00:00:00','EL',281564423),(12,'2015-07-13 00:00:00','EL',284100448),(12,'2015-07-20 00:00:00','EL',284379206),(12,'2015-07-27 00:00:00','EL',286061650),(12,'2015-08-03 00:00:00','EL',287778275),(12,'2015-08-10 00:00:00','EL',288480743),(12,'2015-08-17 00:00:00','EL',288814667),(12,'2015-08-24 00:00:00','EL',289463154),(12,'2015-08-31 00:00:00','EL',289463154),(12,'2015-09-07 00:00:00','EL',290305095),(362,'2015-07-06 00:00:00','EL',15171473),(362,'2015-07-13 00:00:00','EL',15198304),(362,'2015-07-20 00:00:00','EL',15198304),(362,'2015-07-27 00:00:00','EL',15198304),(362,'2015-08-03 00:00:00','EL',16995833),(362,'2015-08-10 00:00:00','EL',16995833),(362,'2015-08-17 00:00:00','EL',16995833),(362,'2015-08-24 00:00:00','EL',17166944),(362,'2015-08-31 00:00:00','EL',17166944),(362,'2015-09-07 00:00:00','EL',17473944),(182,'2015-05-25 00:00:00','EL',12491421),(182,'2015-06-01 00:00:00','EL',14238411),(182,'2015-06-08 00:00:00','EL',17294213),(182,'2015-06-15 00:00:00','EL',19166754),(182,'2015-06-22 00:00:00','EL',23841279),(182,'2015-06-29 00:00:00','EL',30432888),(182,'2015-07-06 00:00:00','EL',36099816),(182,'2015-07-13 00:00:00','EL',41169003),(182,'2015-07-20 00:00:00','EL',45422614),(182,'2015-07-27 00:00:00','EL',49824850),(182,'2015-08-03 00:00:00','EL',57577927),(182,'2015-08-10 00:00:00','EL',65792069),(182,'2015-08-17 00:00:00','EL',70323674),(182,'2015-08-24 00:00:00','EL',73003066),(182,'2015-08-31 00:00:00','EL',76254866),(182,'2015-09-07 00:00:00','EL',80176596),(152,'2015-03-09 00:00:00','EL',46943618),(152,'2015-03-16 00:00:00','EL',50264039),(152,'2015-03-23 00:00:00','EL',50679566),(152,'2015-03-30 00:00:00','EL',53574163),(152,'2015-04-06 00:00:00','EL',55506018),(152,'2015-04-13 00:00:00','EL',57636749),(152,'2015-04-20 00:00:00','EL',59765275),(152,'2015-04-27 00:00:00','EL',64712919),(152,'2015-05-04 00:00:00','EL',70803908),(152,'2015-05-11 00:00:00','EL',74144267),(152,'2015-05-18 00:00:00','EL',75845811),(152,'2015-05-25 00:00:00','EL',75845811),(152,'2015-06-01 00:00:00','EL',76048090),(152,'2015-06-08 00:00:00','EL',79403987),(152,'2015-06-15 00:00:00','EL',81226982),(152,'2015-06-22 00:00:00','EL',82677041),(152,'2015-06-29 00:00:00','EL',84110236),(152,'2015-07-06 00:00:00','EL',85106751),(152,'2015-07-13 00:00:00','EL',86093532),(152,'2015-07-20 00:00:00','EL',86991037),(152,'2015-07-27 00:00:00','EL',89175996),(152,'2015-08-03 00:00:00','EL',91321717),(152,'2015-08-10 00:00:00','EL',93254484),(152,'2015-08-17 00:00:00','EL',96291821),(152,'2015-08-24 00:00:00','EL',98440227),(152,'2015-08-31 00:00:00','EL',99915275),(152,'2015-09-07 00:00:00','EL',101684930),(402,'2015-02-23 00:00:00','DE',607),(402,'2015-03-02 00:00:00','DE',607),(402,'2015-03-09 00:00:00','DE',763),(402,'2015-03-16 00:00:00','DE',763),(402,'2015-03-23 00:00:00','DE',763),(402,'2015-03-30 00:00:00','DE',882),(402,'2015-04-06 00:00:00','DE',882),(402,'2015-04-13 00:00:00','DE',882),(402,'2015-04-20 00:00:00','DE',906),(402,'2015-04-27 00:00:00','DE',906),(402,'2015-05-04 00:00:00','DE',1543),(402,'2015-05-11 00:00:00','DE',2396),(402,'2015-05-18 00:00:00','DE',3219),(402,'2015-05-25 00:00:00','DE',5519),(402,'2015-06-01 00:00:00','DE',5519),(402,'2015-06-08 00:00:00','DE',5519),(402,'2015-06-15 00:00:00','DE',6280),(402,'2015-06-22 00:00:00','DE',8432),(402,'2015-06-29 00:00:00','DE',8432),(402,'2015-07-06 00:00:00','DE',8432),(402,'2015-07-13 00:00:00','DE',8432),(402,'2015-07-20 00:00:00','DE',8837),(402,'2015-07-27 00:00:00','DE',8837),(402,'2015-08-03 00:00:00','DE',8937),(402,'2015-08-10 00:00:00','DE',9567),(402,'2015-08-17 00:00:00','DE',9567),(402,'2015-08-24 00:00:00','DE',9567),(402,'2015-08-31 00:00:00','DE',9567),(402,'2015-09-07 00:00:00','DE',9567),(272,'2015-05-18 00:00:00','DE',341611),(272,'2015-05-25 00:00:00','DE',355564),(272,'2015-06-01 00:00:00','DE',376885),(272,'2015-06-08 00:00:00','DE',377712),(272,'2015-06-15 00:00:00','DE',377738),(272,'2015-06-22 00:00:00','DE',377738),(272,'2015-06-29 00:00:00','DE',377738),(272,'2015-07-06 00:00:00','DE',377738),(272,'2015-07-13 00:00:00','DE',377738),(272,'2015-07-20 00:00:00','DE',377738),(272,'2015-07-27 00:00:00','DE',377738),(272,'2015-08-03 00:00:00','DE',378179),(272,'2015-08-10 00:00:00','DE',378195),(272,'2015-08-17 00:00:00','DE',378195),(272,'2015-08-24 00:00:00','DE',378195),(272,'2015-08-31 00:00:00','DE',378195),(272,'2015-09-07 00:00:00','DE',378195),(72,'2015-03-16 00:00:00','DE',215599),(72,'2015-03-23 00:00:00','DE',217424),(72,'2015-03-30 00:00:00','DE',231315),(72,'2015-04-06 00:00:00','DE',237372),(72,'2015-04-13 00:00:00','DE',245367),(72,'2015-04-20 00:00:00','DE',259343),(72,'2015-04-27 00:00:00','DE',269142),(72,'2015-05-04 00:00:00','DE',297233),(72,'2015-05-11 00:00:00','DE',325130),(72,'2015-05-18 00:00:00','DE',336308),(72,'2015-05-25 00:00:00','DE',353733),(72,'2015-06-01 00:00:00','DE',369968),(72,'2015-06-08 00:00:00','DE',383170),(72,'2015-06-15 00:00:00','DE',393376),(72,'2015-06-22 00:00:00','DE',399936),(72,'2015-06-29 00:00:00','DE',404537),(72,'2015-07-06 00:00:00','DE',417426),(72,'2015-07-13 00:00:00','DE',422315),(72,'2015-07-20 00:00:00','DE',434518),(72,'2015-07-27 00:00:00','DE',456484),(72,'2015-08-03 00:00:00','DE',472161),(72,'2015-08-10 00:00:00','DE',490394),(72,'2015-08-17 00:00:00','DE',504883),(72,'2015-08-24 00:00:00','DE',514444),(72,'2015-08-31 00:00:00','DE',525714),(72,'2015-09-07 00:00:00','DE',532723),(232,'2015-08-31 00:00:00','DE',91),(232,'2015-09-07 00:00:00','DE',91),(12,'2015-05-18 00:00:00','DE',524601),(12,'2015-05-25 00:00:00','DE',545602),(12,'2015-06-01 00:00:00','DE',550648),(12,'2015-06-08 00:00:00','DE',559711),(12,'2015-06-15 00:00:00','DE',572262),(12,'2015-06-22 00:00:00','DE',586222),(12,'2015-06-29 00:00:00','DE',592427),(12,'2015-07-06 00:00:00','DE',594652),(12,'2015-07-13 00:00:00','DE',603796),(12,'2015-07-20 00:00:00','DE',604020),(12,'2015-07-27 00:00:00','DE',612174),(12,'2015-08-03 00:00:00','DE',615688),(12,'2015-08-10 00:00:00','DE',617232),(12,'2015-08-17 00:00:00','DE',618176),(12,'2015-08-24 00:00:00','DE',619273),(12,'2015-08-31 00:00:00','DE',619273),(12,'2015-09-07 00:00:00','DE',623051),(362,'2015-07-06 00:00:00','DE',1289),(362,'2015-07-13 00:00:00','DE',1328),(362,'2015-07-20 00:00:00','DE',1328),(362,'2015-07-27 00:00:00','DE',1328),(362,'2015-08-03 00:00:00','DE',1370),(362,'2015-08-10 00:00:00','DE',1370),(362,'2015-08-17 00:00:00','DE',1370),(362,'2015-08-24 00:00:00','DE',1370),(362,'2015-08-31 00:00:00','DE',1370),(362,'2015-09-07 00:00:00','DE',1588),(182,'2015-05-25 00:00:00','DE',1879),(182,'2015-06-01 00:00:00','DE',4413),(182,'2015-06-08 00:00:00','DE',7949),(182,'2015-06-15 00:00:00','DE',9932),(182,'2015-06-22 00:00:00','DE',12645),(182,'2015-06-29 00:00:00','DE',17460),(182,'2015-07-06 00:00:00','DE',25963),(182,'2015-07-13 00:00:00','DE',43585),(182,'2015-07-20 00:00:00','DE',54702),(182,'2015-07-27 00:00:00','DE',65171),(182,'2015-08-03 00:00:00','DE',76709),(182,'2015-08-10 00:00:00','DE',93482),(182,'2015-08-17 00:00:00','DE',106614),(182,'2015-08-24 00:00:00','DE',113111),(182,'2015-08-31 00:00:00','DE',119126),(182,'2015-09-07 00:00:00','DE',127080),(152,'2015-03-09 00:00:00','DE',40943),(152,'2015-03-16 00:00:00','DE',42709),(152,'2015-03-23 00:00:00','DE',43105),(152,'2015-03-30 00:00:00','DE',46655),(152,'2015-04-06 00:00:00','DE',50325),(152,'2015-04-13 00:00:00','DE',54576),(152,'2015-04-20 00:00:00','DE',57394),(152,'2015-04-27 00:00:00','DE',68084),(152,'2015-05-04 00:00:00','DE',74015),(152,'2015-05-11 00:00:00','DE',77858),(152,'2015-05-18 00:00:00','DE',79796),(152,'2015-05-25 00:00:00','DE',79796),(152,'2015-06-01 00:00:00','DE',80246),(152,'2015-06-08 00:00:00','DE',90578),(152,'2015-06-15 00:00:00','DE',97537),(152,'2015-06-22 00:00:00','DE',101184),(152,'2015-06-29 00:00:00','DE',103567),(152,'2015-07-06 00:00:00','DE',105772),(152,'2015-07-13 00:00:00','DE',108593),(152,'2015-07-20 00:00:00','DE',112270),(152,'2015-07-27 00:00:00','DE',119435),(152,'2015-08-03 00:00:00','DE',129591),(152,'2015-08-10 00:00:00','DE',133952),(152,'2015-08-17 00:00:00','DE',140851),(152,'2015-08-24 00:00:00','DE',150132),(152,'2015-08-31 00:00:00','DE',153956),(152,'2015-09-07 00:00:00','DE',157727),(472,'2015-09-12 02:20:27','GO',82651833),(472,'2015-09-12 02:20:27','EL',91053680),(472,'2015-09-12 02:20:27','DE',93893),(202,'2015-09-12 02:21:18','GO',10737382),(202,'2015-09-12 02:21:18','EL',9455665),(202,'2015-09-12 02:21:18','DE',3289),(342,'2015-09-12 02:22:10','GO',2620389),(342,'2015-09-12 02:22:10','EL',2232838),(422,'2015-09-12 02:22:46','GO',1722409),(422,'2015-09-12 02:22:46','EL',1425554),(392,'2015-09-12 02:23:32','GO',44324625),(392,'2015-09-12 02:23:32','EL',46439646),(392,'2015-09-12 02:23:32','DE',32270),(32,'2015-05-11 00:00:00','GO',654846895),(32,'2015-05-18 00:00:00','GO',660469879),(32,'2015-05-25 00:00:00','GO',669812080),(32,'2015-06-01 00:00:00','GO',677315711),(32,'2015-06-08 00:00:00','GO',685647355),(32,'2015-06-15 00:00:00','GO',696148766),(32,'2015-06-22 00:00:00','GO',705257637),(32,'2015-06-29 00:00:00','GO',713572348),(32,'2015-07-06 00:00:00','GO',723463535),(32,'2015-07-13 00:00:00','GO',730239536),(32,'2015-07-20 00:00:00','GO',737423208),(32,'2015-07-27 00:00:00','GO',747571891),(32,'2015-08-03 00:00:00','GO',757700975),(32,'2015-08-10 00:00:00','GO',767855108),(32,'2015-08-17 00:00:00','GO',776679367),(32,'2015-08-24 00:00:00','GO',781693386),(32,'2015-08-31 00:00:00','GO',787930010),(32,'2015-09-07 00:00:00','GO',796237797),(32,'2015-09-14 00:00:00','GO',798717864),(32,'2015-09-21 00:00:00','GO',808577632),(32,'2015-09-28 00:00:00','GO',817376649),(32,'2015-10-05 00:00:00','GO',823506197),(32,'2015-10-12 00:00:00','GO',832045084),(32,'2015-10-19 00:00:00','GO',840628092),(32,'2015-10-26 00:00:00','GO',851049665),(32,'2015-11-02 00:00:00','GO',866087835),(32,'2015-11-09 00:00:00','GO',879086997),(32,'2015-11-16 00:00:00','GO',892045384),(32,'2015-11-23 00:00:00','GO',908659549),(32,'2015-11-30 00:00:00','GO',926395237),(32,'2015-12-07 00:00:00','GO',938222831),(32,'2015-12-14 00:00:00','GO',960760578),(32,'2015-12-21 00:00:00','GO',982092177),(32,'2015-12-28 00:00:00','GO',1005108852),(212,'2015-04-27 00:00:00','GO',494565184),(212,'2015-05-04 00:00:00','GO',510087169),(212,'2015-05-11 00:00:00','GO',528245058),(212,'2015-05-18 00:00:00','GO',540749277),(212,'2015-05-25 00:00:00','GO',554097972),(212,'2015-06-01 00:00:00','GO',564626183),(212,'2015-06-08 00:00:00','GO',571223740),(212,'2015-06-15 00:00:00','GO',581250228),(212,'2015-06-22 00:00:00','GO',592369797),(212,'2015-06-29 00:00:00','GO',600815290),(212,'2015-07-06 00:00:00','GO',612268937),(212,'2015-07-13 00:00:00','GO',622678898),(212,'2015-07-20 00:00:00','GO',634695684),(212,'2015-07-27 00:00:00','GO',647394142),(212,'2015-08-03 00:00:00','GO',660317108),(212,'2015-08-10 00:00:00','GO',674921800),(212,'2015-08-17 00:00:00','GO',686190961),(212,'2015-08-24 00:00:00','GO',693489407),(212,'2015-08-31 00:00:00','GO',703668620),(212,'2015-09-07 00:00:00','GO',710087621),(212,'2015-09-14 00:00:00','GO',718196539),(212,'2015-09-21 00:00:00','GO',728368424),(212,'2015-09-28 00:00:00','GO',738820482),(212,'2015-10-05 00:00:00','GO',747484833),(212,'2015-10-12 00:00:00','GO',756491615),(212,'2015-10-19 00:00:00','GO',767074473),(212,'2015-10-26 00:00:00','GO',774667095),(212,'2015-11-02 00:00:00','GO',784664268),(212,'2015-11-09 00:00:00','GO',791966206),(212,'2015-11-16 00:00:00','GO',799061028),(212,'2015-11-23 00:00:00','GO',804886353),(212,'2015-11-30 00:00:00','GO',812915517),(212,'2015-12-07 00:00:00','GO',822626974),(212,'2015-12-14 00:00:00','GO',837841271),(212,'2015-12-21 00:00:00','GO',850968496),(212,'2015-12-28 00:00:00','GO',861183597),(52,'2015-03-23 00:00:00','GO',160316648),(52,'2015-03-30 00:00:00','GO',163887144),(52,'2015-04-06 00:00:00','GO',167246728),(52,'2015-04-13 00:00:00','GO',170173486),(52,'2015-04-20 00:00:00','GO',170663435),(52,'2015-04-27 00:00:00','GO',173232142),(52,'2015-05-04 00:00:00','GO',176564151),(52,'2015-05-11 00:00:00','GO',180769692),(52,'2015-05-18 00:00:00','GO',186114750),(52,'2015-05-25 00:00:00','GO',190631060),(52,'2015-06-01 00:00:00','GO',201264173),(52,'2015-06-08 00:00:00','GO',206327310),(52,'2015-06-15 00:00:00','GO',212117524),(52,'2015-06-22 00:00:00','GO',217059182),(52,'2015-06-29 00:00:00','GO',221975389),(52,'2015-07-06 00:00:00','GO',224953250),(52,'2015-07-13 00:00:00','GO',227786968),(52,'2015-07-20 00:00:00','GO',233278291),(52,'2015-07-27 00:00:00','GO',236990724),(52,'2015-08-03 00:00:00','GO',241586379),(52,'2015-08-10 00:00:00','GO',246196737),(52,'2015-08-17 00:00:00','GO',250914093),(52,'2015-08-24 00:00:00','GO',257856504),(52,'2015-08-31 00:00:00','GO',262126696),(52,'2015-09-07 00:00:00','GO',265318080),(52,'2015-09-14 00:00:00','GO',272160734),(52,'2015-09-21 00:00:00','GO',279989160),(52,'2015-09-28 00:00:00','GO',288961763),(52,'2015-10-05 00:00:00','GO',296592305),(52,'2015-10-12 00:00:00','GO',309312845),(52,'2015-10-19 00:00:00','GO',316862765),(52,'2015-10-26 00:00:00','GO',325475586),(52,'2015-11-02 00:00:00','GO',336301136),(52,'2015-11-09 00:00:00','GO',343033827),(52,'2015-11-16 00:00:00','GO',349720712),(52,'2015-11-23 00:00:00','GO',355642781),(52,'2015-11-30 00:00:00','GO',361451852),(52,'2015-12-07 00:00:00','GO',369426736),(52,'2015-12-14 00:00:00','GO',373567319),(52,'2015-12-21 00:00:00','GO',377970215),(52,'2015-12-28 00:00:00','GO',387217567),(192,'2015-05-25 00:00:00','GO',407300079),(192,'2015-06-01 00:00:00','GO',409232596),(192,'2015-06-08 00:00:00','GO',413204238),(192,'2015-06-15 00:00:00','GO',416859278),(192,'2015-06-22 00:00:00','GO',423476872),(192,'2015-06-29 00:00:00','GO',436539967),(192,'2015-07-06 00:00:00','GO',450064685),(192,'2015-07-13 00:00:00','GO',468871011),(192,'2015-07-20 00:00:00','GO',483275919),(192,'2015-07-27 00:00:00','GO',496929749),(192,'2015-08-03 00:00:00','GO',516768091),(192,'2015-08-10 00:00:00','GO',527965357),(192,'2015-08-17 00:00:00','GO',539153347),(192,'2015-08-24 00:00:00','GO',547630315),(192,'2015-08-31 00:00:00','GO',551967576),(192,'2015-09-07 00:00:00','GO',566219922),(192,'2015-09-14 00:00:00','GO',574042760),(192,'2015-09-21 00:00:00','GO',580969131),(192,'2015-09-28 00:00:00','GO',590930027),(192,'2015-10-05 00:00:00','GO',601189134),(192,'2015-10-12 00:00:00','GO',610316256),(192,'2015-10-19 00:00:00','GO',629357387),(192,'2015-10-26 00:00:00','GO',640895868),(192,'2015-11-02 00:00:00','GO',662257498),(192,'2015-11-09 00:00:00','GO',675525201),(192,'2015-11-16 00:00:00','GO',683128149),(192,'2015-11-23 00:00:00','GO',688658468),(192,'2015-11-30 00:00:00','GO',688691038),(192,'2015-12-07 00:00:00','GO',690303116),(192,'2015-12-14 00:00:00','GO',700824912),(192,'2015-12-21 00:00:00','GO',705070932),(192,'2015-12-28 00:00:00','GO',712779688),(2,'2014-12-29 00:00:00','GO',451214716),(2,'2015-01-05 00:00:00','GO',459119248),(2,'2015-01-12 00:00:00','GO',468152681),(2,'2015-01-19 00:00:00','GO',477548571),(2,'2015-01-26 00:00:00','GO',490171486),(2,'2015-02-02 00:00:00','GO',501863864),(2,'2015-02-09 00:00:00','GO',516601350),(2,'2015-02-16 00:00:00','GO',526455874),(2,'2015-02-23 00:00:00','GO',536530642),(2,'2015-03-02 00:00:00','GO',541352106),(2,'2015-03-09 00:00:00','GO',547301981),(2,'2015-03-16 00:00:00','GO',554368870),(2,'2015-03-23 00:00:00','GO',563854013),(2,'2015-03-30 00:00:00','GO',568338533),(2,'2015-04-06 00:00:00','GO',571638941),(2,'2015-04-13 00:00:00','GO',577569777),(2,'2015-04-20 00:00:00','GO',581297941),(2,'2015-04-27 00:00:00','GO',589990424),(2,'2015-05-04 00:00:00','GO',597487299),(2,'2015-05-11 00:00:00','GO',606378399),(2,'2015-05-18 00:00:00','GO',616390013),(2,'2015-05-25 00:00:00','GO',626906327),(2,'2015-06-01 00:00:00','GO',637553635),(2,'2015-06-08 00:00:00','GO',645870039),(2,'2015-06-15 00:00:00','GO',659095121),(2,'2015-06-22 00:00:00','GO',675447763),(2,'2015-06-29 00:00:00','GO',692623850),(2,'2015-07-06 00:00:00','GO',715240465),(2,'2015-07-13 00:00:00','GO',735737592),(2,'2015-07-20 00:00:00','GO',758514329),(2,'2015-07-27 00:00:00','GO',776365611),(2,'2015-08-03 00:00:00','GO',791007063),(2,'2015-08-10 00:00:00','GO',815059722),(2,'2015-08-17 00:00:00','GO',819975371),(2,'2015-08-24 00:00:00','GO',833882817),(2,'2015-08-31 00:00:00','GO',850041465),(2,'2015-09-07 00:00:00','GO',863376711),(2,'2015-09-14 00:00:00','GO',879875225),(2,'2015-09-21 00:00:00','GO',899486467),(2,'2015-09-28 00:00:00','GO',906692728),(2,'2015-10-05 00:00:00','GO',907380190),(2,'2015-10-12 00:00:00','GO',925802033),(2,'2015-10-19 00:00:00','GO',951316452),(2,'2015-10-26 00:00:00','GO',960084783),(2,'2015-11-02 00:00:00','GO',972194370),(2,'2015-11-09 00:00:00','GO',977878212),(2,'2015-11-16 00:00:00','GO',992169706),(2,'2015-11-23 00:00:00','GO',1006440578),(2,'2015-11-30 00:00:00','GO',1016137466),(2,'2015-12-07 00:00:00','GO',1021229102),(2,'2015-12-14 00:00:00','GO',1033330388),(2,'2015-12-21 00:00:00','GO',1041973772),(2,'2015-12-28 00:00:00','GO',1048146663),(42,'2015-02-09 00:00:00','GO',256911428),(42,'2015-02-16 00:00:00','GO',268300001),(42,'2015-02-23 00:00:00','GO',276369093),(42,'2015-03-02 00:00:00','GO',292615105),(42,'2015-03-09 00:00:00','GO',300105646),(42,'2015-03-16 00:00:00','GO',309591042),(42,'2015-03-23 00:00:00','GO',318252887),(42,'2015-03-30 00:00:00','GO',321750385),(42,'2015-04-06 00:00:00','GO',330364021),(42,'2015-04-13 00:00:00','GO',341497261),(42,'2015-04-20 00:00:00','GO',350536798),(42,'2015-04-27 00:00:00','GO',367650264),(42,'2015-05-04 00:00:00','GO',378298773),(42,'2015-05-11 00:00:00','GO',385654530),(42,'2015-05-18 00:00:00','GO',394630355),(42,'2015-05-25 00:00:00','GO',405339602),(42,'2015-06-01 00:00:00','GO',411541874),(42,'2015-06-08 00:00:00','GO',421038347),(42,'2015-06-15 00:00:00','GO',428472457),(42,'2015-06-22 00:00:00','GO',434446325),(42,'2015-06-29 00:00:00','GO',441286421),(42,'2015-07-06 00:00:00','GO',446171389),(42,'2015-07-13 00:00:00','GO',453233943),(42,'2015-07-20 00:00:00','GO',461941032),(42,'2015-07-27 00:00:00','GO',466552348),(42,'2015-08-03 00:00:00','GO',473110492),(42,'2015-08-10 00:00:00','GO',480160066),(42,'2015-08-17 00:00:00','GO',484437425),(42,'2015-08-24 00:00:00','GO',485811097),(42,'2015-08-31 00:00:00','GO',485956018),(42,'2015-09-07 00:00:00','GO',487241587),(42,'2015-09-14 00:00:00','GO',488432131),(42,'2015-09-21 00:00:00','GO',490699666),(42,'2015-09-28 00:00:00','GO',491389654),(42,'2015-10-05 00:00:00','GO',492574302),(42,'2015-10-12 00:00:00','GO',494758421),(42,'2015-10-19 00:00:00','GO',495496011),(42,'2015-10-26 00:00:00','GO',496789826),(42,'2015-11-02 00:00:00','GO',499132152),(42,'2015-11-09 00:00:00','GO',501583256),(42,'2015-11-16 00:00:00','GO',506228126),(42,'2015-11-23 00:00:00','GO',510506834),(42,'2015-11-30 00:00:00','GO',514988554),(42,'2015-12-07 00:00:00','GO',517542747),(42,'2015-12-14 00:00:00','GO',520882150),(42,'2015-12-21 00:00:00','GO',521322627),(42,'2015-12-28 00:00:00','GO',526077228),(452,'2015-08-10 00:00:00','GO',583505770),(452,'2015-08-17 00:00:00','GO',596621274),(452,'2015-08-24 00:00:00','GO',601030565),(452,'2015-08-31 00:00:00','GO',603385361),(452,'2015-09-07 00:00:00','GO',606849025),(452,'2015-09-14 00:00:00','GO',612285545),(452,'2015-09-21 00:00:00','GO',616839229),(452,'2015-09-28 00:00:00','GO',621273127),(452,'2015-10-05 00:00:00','GO',628117776),(452,'2015-10-12 00:00:00','GO',634083332),(452,'2015-10-19 00:00:00','GO',640838169),(452,'2015-10-26 00:00:00','GO',645988071),(452,'2015-11-02 00:00:00','GO',651862020),(452,'2015-11-09 00:00:00','GO',657105942),(452,'2015-11-16 00:00:00','GO',663515772),(452,'2015-11-23 00:00:00','GO',670832855),(452,'2015-11-30 00:00:00','GO',672975986),(452,'2015-12-07 00:00:00','GO',676900030),(452,'2015-12-14 00:00:00','GO',684213569),(452,'2015-12-21 00:00:00','GO',691902202),(452,'2015-12-28 00:00:00','GO',696375087),(282,'2015-06-08 00:00:00','GO',13049597),(282,'2015-06-15 00:00:00','GO',15807138),(282,'2015-06-22 00:00:00','GO',19818146),(282,'2015-06-29 00:00:00','GO',21993728),(282,'2015-07-06 00:00:00','GO',26188148),(282,'2015-07-13 00:00:00','GO',34363446),(282,'2015-07-20 00:00:00','GO',44706980),(282,'2015-07-27 00:00:00','GO',54118773),(282,'2015-08-03 00:00:00','GO',68007250),(282,'2015-08-10 00:00:00','GO',79987430),(282,'2015-08-17 00:00:00','GO',90694680),(282,'2015-08-24 00:00:00','GO',99448875),(282,'2015-08-31 00:00:00','GO',119240626),(282,'2015-09-07 00:00:00','GO',132245897),(282,'2015-09-14 00:00:00','GO',145620612),(282,'2015-09-21 00:00:00','GO',155620088),(282,'2015-09-28 00:00:00','GO',167864300),(282,'2015-10-05 00:00:00','GO',172204867),(282,'2015-10-12 00:00:00','GO',187128109),(282,'2015-10-19 00:00:00','GO',198591275),(282,'2015-10-26 00:00:00','GO',209796439),(282,'2015-11-02 00:00:00','GO',224155559),(282,'2015-11-09 00:00:00','GO',236330633),(282,'2015-11-16 00:00:00','GO',243920469),(282,'2015-11-23 00:00:00','GO',257738779),(282,'2015-11-30 00:00:00','GO',270421698),(282,'2015-12-07 00:00:00','GO',288361825),(282,'2015-12-14 00:00:00','GO',296704179),(282,'2015-12-21 00:00:00','GO',303095850),(282,'2015-12-28 00:00:00','GO',307377487),(82,'2014-12-29 00:00:00','GO',2205167),(82,'2015-01-05 00:00:00','GO',7197321),(82,'2015-01-12 00:00:00','GO',8622711),(82,'2015-01-19 00:00:00','GO',14351810),(82,'2015-01-26 00:00:00','GO',17859797),(82,'2015-02-02 00:00:00','GO',24212826),(82,'2015-02-09 00:00:00','GO',30993505),(82,'2015-02-16 00:00:00','GO',36399873),(82,'2015-02-23 00:00:00','GO',41036528),(82,'2015-03-02 00:00:00','GO',46626828),(82,'2015-03-09 00:00:00','GO',54918772),(82,'2015-03-16 00:00:00','GO',58361010),(82,'2015-03-23 00:00:00','GO',64359458),(82,'2015-03-30 00:00:00','GO',70584843),(82,'2015-04-06 00:00:00','GO',78437577),(82,'2015-04-13 00:00:00','GO',84916290),(82,'2015-04-20 00:00:00','GO',88456938),(82,'2015-04-27 00:00:00','GO',93554516),(82,'2015-05-04 00:00:00','GO',98524938),(82,'2015-05-11 00:00:00','GO',105548829),(82,'2015-05-18 00:00:00','GO',113756869),(82,'2015-05-25 00:00:00','GO',118391801),(82,'2015-06-01 00:00:00','GO',123242584),(82,'2015-06-08 00:00:00','GO',129715078),(82,'2015-06-15 00:00:00','GO',136952002),(82,'2015-06-22 00:00:00','GO',140654713),(82,'2015-06-29 00:00:00','GO',143325398),(82,'2015-07-06 00:00:00','GO',145888934),(82,'2015-07-13 00:00:00','GO',148648655),(82,'2015-07-20 00:00:00','GO',154325749),(82,'2015-07-27 00:00:00','GO',158119859),(82,'2015-08-03 00:00:00','GO',162713797),(82,'2015-08-10 00:00:00','GO',166060491),(82,'2015-08-17 00:00:00','GO',167274983),(82,'2015-08-24 00:00:00','GO',168249134),(82,'2015-08-31 00:00:00','GO',169025254),(82,'2015-09-07 00:00:00','GO',169875625),(82,'2015-09-14 00:00:00','GO',171103069),(82,'2015-09-21 00:00:00','GO',172223053),(82,'2015-09-28 00:00:00','GO',173921865),(82,'2015-10-05 00:00:00','GO',175807518),(82,'2015-10-12 00:00:00','GO',176184760),(82,'2015-10-19 00:00:00','GO',179051955),(82,'2015-10-26 00:00:00','GO',181849454),(82,'2015-11-02 00:00:00','GO',186116604),(82,'2015-11-09 00:00:00','GO',188396135),(82,'2015-11-16 00:00:00','GO',192125796),(82,'2015-11-23 00:00:00','GO',194969931),(82,'2015-11-30 00:00:00','GO',198771902),(82,'2015-12-07 00:00:00','GO',201057807),(82,'2015-12-14 00:00:00','GO',203530504),(82,'2015-12-21 00:00:00','GO',206557555),(82,'2015-12-28 00:00:00','GO',210523778),(462,'2015-06-08 00:00:00','GO',464341952),(462,'2015-06-15 00:00:00','GO',467517296),(462,'2015-06-22 00:00:00','GO',470873537),(462,'2015-06-29 00:00:00','GO',477822819),(462,'2015-07-06 00:00:00','GO',489733947),(462,'2015-07-13 00:00:00','GO',499924391),(462,'2015-07-20 00:00:00','GO',515186801),(462,'2015-07-27 00:00:00','GO',526055599),(462,'2015-08-03 00:00:00','GO',535478329),(462,'2015-08-10 00:00:00','GO',547652461),(462,'2015-08-17 00:00:00','GO',555827168),(462,'2015-08-24 00:00:00','GO',557957630),(462,'2015-08-31 00:00:00','GO',560455448),(462,'2015-09-07 00:00:00','GO',561839202),(462,'2015-09-14 00:00:00','GO',564853091),(462,'2015-09-21 00:00:00','GO',565431991),(462,'2015-09-28 00:00:00','GO',568316566),(462,'2015-10-05 00:00:00','GO',575990439),(462,'2015-10-12 00:00:00','GO',578844708),(462,'2015-10-19 00:00:00','GO',582505478),(462,'2015-10-26 00:00:00','GO',584917952),(462,'2015-11-02 00:00:00','GO',588876857),(462,'2015-11-09 00:00:00','GO',590454486),(462,'2015-11-16 00:00:00','GO',591430978),(462,'2015-11-23 00:00:00','GO',593556488),(462,'2015-11-30 00:00:00','GO',597427305),(462,'2015-12-07 00:00:00','GO',600643562),(462,'2015-12-14 00:00:00','GO',602756557),(462,'2015-12-21 00:00:00','GO',606240956),(462,'2015-12-28 00:00:00','GO',609603095),(1163,'2015-12-14 00:00:00','GO',224410562),(1163,'2015-12-21 00:00:00','GO',226091962),(1163,'2015-12-28 00:00:00','GO',229212978),(252,'2015-08-31 00:00:00','GO',4406295),(252,'2015-09-07 00:00:00','GO',4451461),(252,'2015-09-14 00:00:00','GO',4752519),(252,'2015-09-21 00:00:00','GO',6083198),(252,'2015-09-28 00:00:00','GO',7646208),(252,'2015-10-05 00:00:00','GO',9038976),(252,'2015-10-12 00:00:00','GO',13258814),(252,'2015-10-19 00:00:00','GO',15855349),(252,'2015-10-26 00:00:00','GO',19049508),(252,'2015-11-02 00:00:00','GO',23199137),(252,'2015-11-09 00:00:00','GO',25229747),(252,'2015-11-16 00:00:00','GO',26119642),(252,'2015-11-23 00:00:00','GO',26433863),(252,'2015-11-30 00:00:00','GO',26433863),(252,'2015-12-07 00:00:00','GO',26561754),(252,'2015-12-14 00:00:00','GO',28101550),(252,'2015-12-21 00:00:00','GO',29147579),(252,'2015-12-28 00:00:00','GO',31991218),(1173,'2015-09-21 00:00:00','GO',6019588),(1173,'2015-09-28 00:00:00','GO',6337551),(1173,'2015-10-05 00:00:00','GO',6776909),(1173,'2015-10-12 00:00:00','GO',6890937),(1173,'2015-10-19 00:00:00','GO',7112211),(1173,'2015-10-26 00:00:00','GO',7336980),(1173,'2015-11-02 00:00:00','GO',7732210),(1173,'2015-11-09 00:00:00','GO',8182747),(1173,'2015-11-16 00:00:00','GO',9602880),(1173,'2015-11-23 00:00:00','GO',10091120),(1173,'2015-11-30 00:00:00','GO',10784005),(1173,'2015-12-07 00:00:00','GO',11349411),(1173,'2015-12-14 00:00:00','GO',11747897),(1173,'2015-12-21 00:00:00','GO',12358218),(1173,'2015-12-28 00:00:00','GO',15056802),(1165,'2015-10-05 00:00:00','GO',18395223),(1165,'2015-10-12 00:00:00','GO',23611055),(1165,'2015-10-19 00:00:00','GO',24970185),(1165,'2015-10-26 00:00:00','GO',27350411),(1165,'2015-11-02 00:00:00','GO',33141577),(1165,'2015-11-09 00:00:00','GO',37250679),(1165,'2015-11-16 00:00:00','GO',43013413),(1165,'2015-11-23 00:00:00','GO',46591349),(1165,'2015-11-30 00:00:00','GO',52856790),(1165,'2015-12-07 00:00:00','GO',54910480),(1165,'2015-12-14 00:00:00','GO',56812823),(1165,'2015-12-21 00:00:00','GO',58172197),(1165,'2015-12-28 00:00:00','GO',60831207),(1167,'2015-10-05 00:00:00','GO',2199512),(1167,'2015-10-12 00:00:00','GO',4846787),(1167,'2015-10-19 00:00:00','GO',6495587),(1167,'2015-10-26 00:00:00','GO',9751159),(1167,'2015-11-02 00:00:00','GO',14077886),(1167,'2015-11-09 00:00:00','GO',16712611),(1167,'2015-11-16 00:00:00','GO',20271382),(1167,'2015-11-23 00:00:00','GO',22514540),(1167,'2015-11-30 00:00:00','GO',26572987),(1167,'2015-12-07 00:00:00','GO',29494915),(1167,'2015-12-14 00:00:00','GO',32875676),(1167,'2015-12-21 00:00:00','GO',35578367),(1167,'2015-12-28 00:00:00','GO',37936846),(172,'2015-01-12 00:00:00','GO',30181599),(172,'2015-01-19 00:00:00','GO',32824730),(172,'2015-01-26 00:00:00','GO',37022211),(172,'2015-02-02 00:00:00','GO',41651217),(172,'2015-02-09 00:00:00','GO',44091922),(172,'2015-02-16 00:00:00','GO',45678188),(172,'2015-02-23 00:00:00','GO',46674455),(172,'2015-03-02 00:00:00','GO',47294751),(172,'2015-03-09 00:00:00','GO',48142296),(172,'2015-03-16 00:00:00','GO',50447171),(172,'2015-03-23 00:00:00','GO',53601526),(172,'2015-03-30 00:00:00','GO',55417542),(172,'2015-04-06 00:00:00','GO',59917595),(172,'2015-04-13 00:00:00','GO',62767851),(172,'2015-04-20 00:00:00','GO',63495819),(172,'2015-04-27 00:00:00','GO',68438995),(172,'2015-05-04 00:00:00','GO',70388727),(172,'2015-05-11 00:00:00','GO',71566766),(172,'2015-05-18 00:00:00','GO',73432729),(172,'2015-05-25 00:00:00','GO',75087447),(172,'2015-06-01 00:00:00','GO',77028638),(172,'2015-06-08 00:00:00','GO',77742735),(172,'2015-06-15 00:00:00','GO',79334036),(172,'2015-06-22 00:00:00','GO',80854039),(172,'2015-06-29 00:00:00','GO',86752015),(172,'2015-07-06 00:00:00','GO',92822653),(172,'2015-07-13 00:00:00','GO',99545335),(172,'2015-07-20 00:00:00','GO',112375331),(172,'2015-07-27 00:00:00','GO',116079466),(172,'2015-08-03 00:00:00','GO',128379522),(172,'2015-08-10 00:00:00','GO',134081990),(172,'2015-08-17 00:00:00','GO',135260709),(172,'2015-08-24 00:00:00','GO',137786165),(172,'2015-08-31 00:00:00','GO',140784764),(172,'2015-09-07 00:00:00','GO',142378279),(172,'2015-09-14 00:00:00','GO',145274083),(172,'2015-09-21 00:00:00','GO',148376069),(172,'2015-09-28 00:00:00','GO',149283728),(172,'2015-10-05 00:00:00','GO',149602509),(172,'2015-10-12 00:00:00','GO',152138690),(172,'2015-10-19 00:00:00','GO',153022441),(172,'2015-10-26 00:00:00','GO',153315411),(172,'2015-11-02 00:00:00','GO',154040405),(172,'2015-11-09 00:00:00','GO',154605845),(172,'2015-11-16 00:00:00','GO',154605845),(172,'2015-11-23 00:00:00','GO',154605845),(172,'2015-11-30 00:00:00','GO',155352378),(172,'2015-12-07 00:00:00','GO',155606574),(172,'2015-12-14 00:00:00','GO',156957864),(172,'2015-12-21 00:00:00','GO',157592588),(172,'2015-12-28 00:00:00','GO',159716019),(1166,'2015-10-12 00:00:00','GO',154098317),(1166,'2015-10-19 00:00:00','GO',157084868),(1166,'2015-10-26 00:00:00','GO',165764715),(1166,'2015-11-02 00:00:00','GO',175797785),(1166,'2015-11-09 00:00:00','GO',188761538),(1166,'2015-11-16 00:00:00','GO',201829666),(1166,'2015-11-23 00:00:00','GO',209055792),(1166,'2015-11-30 00:00:00','GO',219422706),(1166,'2015-12-07 00:00:00','GO',225830940),(1166,'2015-12-14 00:00:00','GO',241976781),(1166,'2015-12-21 00:00:00','GO',244359358),(1166,'2015-12-28 00:00:00','GO',246363616),(352,'2015-06-01 00:00:00','GO',7138448),(352,'2015-06-08 00:00:00','GO',7606913),(352,'2015-06-15 00:00:00','GO',7878140),(352,'2015-06-22 00:00:00','GO',8012280),(352,'2015-06-29 00:00:00','GO',8373517),(352,'2015-07-06 00:00:00','GO',8998693),(352,'2015-07-13 00:00:00','GO',9777227),(352,'2015-07-20 00:00:00','GO',10802530),(352,'2015-07-27 00:00:00','GO',12942107),(352,'2015-08-03 00:00:00','GO',14375758),(352,'2015-08-10 00:00:00','GO',14771941),(352,'2015-08-17 00:00:00','GO',15076645),(352,'2015-08-24 00:00:00','GO',15620993),(352,'2015-08-31 00:00:00','GO',15649802),(352,'2015-09-07 00:00:00','GO',16535784),(352,'2015-09-14 00:00:00','GO',16640601),(352,'2015-09-21 00:00:00','GO',16994624),(352,'2015-09-28 00:00:00','GO',17040024),(352,'2015-10-05 00:00:00','GO',17091442),(352,'2015-10-12 00:00:00','GO',17359157),(352,'2015-10-19 00:00:00','GO',17390924),(352,'2015-10-26 00:00:00','GO',17538108),(352,'2015-11-02 00:00:00','GO',17711817),(352,'2015-11-09 00:00:00','GO',17957044),(352,'2015-11-16 00:00:00','GO',18054491),(352,'2015-11-23 00:00:00','GO',18054491),(352,'2015-11-30 00:00:00','GO',18201338),(352,'2015-12-07 00:00:00','GO',18201338),(352,'2015-12-14 00:00:00','GO',18201338),(352,'2015-12-21 00:00:00','GO',18202824),(352,'2015-12-28 00:00:00','GO',19731552),(262,'2015-04-06 00:00:00','GO',444353),(262,'2015-04-13 00:00:00','GO',2017311),(262,'2015-04-20 00:00:00','GO',5883920),(262,'2015-04-27 00:00:00','GO',8035018),(262,'2015-05-04 00:00:00','GO',9510306),(262,'2015-05-11 00:00:00','GO',11582239),(262,'2015-05-18 00:00:00','GO',13620554),(262,'2015-05-25 00:00:00','GO',14329787),(262,'2015-06-01 00:00:00','GO',16611262),(262,'2015-06-08 00:00:00','GO',20779240),(262,'2015-06-15 00:00:00','GO',24698128),(262,'2015-06-22 00:00:00','GO',26819397),(262,'2015-06-29 00:00:00','GO',27386002),(262,'2015-07-06 00:00:00','GO',28651132),(262,'2015-07-13 00:00:00','GO',29168497),(262,'2015-07-20 00:00:00','GO',31558139),(262,'2015-07-27 00:00:00','GO',33510291),(262,'2015-08-03 00:00:00','GO',33922448),(262,'2015-08-10 00:00:00','GO',35029177),(262,'2015-08-17 00:00:00','GO',35359207),(262,'2015-08-24 00:00:00','GO',37111724),(262,'2015-08-31 00:00:00','GO',40160497),(262,'2015-09-07 00:00:00','GO',41105116),(262,'2015-09-14 00:00:00','GO',41639500),(262,'2015-09-21 00:00:00','GO',43384684),(262,'2015-09-28 00:00:00','GO',45840800),(262,'2015-10-05 00:00:00','GO',48965461),(262,'2015-10-12 00:00:00','GO',52967796),(262,'2015-10-19 00:00:00','GO',56874797),(262,'2015-10-26 00:00:00','GO',59276031),(262,'2015-11-02 00:00:00','GO',61800727),(262,'2015-11-09 00:00:00','GO',64752128),(262,'2015-11-16 00:00:00','GO',65367798),(262,'2015-11-23 00:00:00','GO',66378770),(262,'2015-11-30 00:00:00','GO',67836896),(262,'2015-12-07 00:00:00','GO',68980930),(262,'2015-12-14 00:00:00','GO',69937136),(262,'2015-12-21 00:00:00','GO',71152424),(262,'2015-12-28 00:00:00','GO',72477304),(112,'2015-01-05 00:00:00','GO',94134792),(112,'2015-01-12 00:00:00','GO',100244003),(112,'2015-01-19 00:00:00','GO',107538225),(112,'2015-01-26 00:00:00','GO',113830030),(112,'2015-02-02 00:00:00','GO',123202485),(112,'2015-02-09 00:00:00','GO',129722187),(112,'2015-02-16 00:00:00','GO',142179038),(112,'2015-02-23 00:00:00','GO',149940038),(112,'2015-03-02 00:00:00','GO',155880739),(112,'2015-03-09 00:00:00','GO',159538236),(112,'2015-03-16 00:00:00','GO',161628982),(112,'2015-03-23 00:00:00','GO',164089465),(112,'2015-03-30 00:00:00','GO',166381547),(112,'2015-04-06 00:00:00','GO',176907301),(112,'2015-04-13 00:00:00','GO',183503326),(112,'2015-04-20 00:00:00','GO',185082402),(112,'2015-04-27 00:00:00','GO',185980257),(112,'2015-05-04 00:00:00','GO',191169761),(112,'2015-05-11 00:00:00','GO',191606949),(112,'2015-05-18 00:00:00','GO',192485946),(112,'2015-05-25 00:00:00','GO',200314715),(112,'2015-06-01 00:00:00','GO',217770299),(112,'2015-06-08 00:00:00','GO',224105589),(112,'2015-06-15 00:00:00','GO',225485193),(112,'2015-06-22 00:00:00','GO',228059488),(112,'2015-06-29 00:00:00','GO',231290434),(112,'2015-07-06 00:00:00','GO',235129289),(112,'2015-07-13 00:00:00','GO',238581651),(112,'2015-07-20 00:00:00','GO',250543429),(112,'2015-07-27 00:00:00','GO',253846947),(112,'2015-08-03 00:00:00','GO',261804710),(112,'2015-08-10 00:00:00','GO',264237222),(112,'2015-08-17 00:00:00','GO',267074542),(112,'2015-08-24 00:00:00','GO',276261390),(112,'2015-08-31 00:00:00','GO',278928170),(112,'2015-09-07 00:00:00','GO',285233360),(112,'2015-09-14 00:00:00','GO',289930040),(112,'2015-09-21 00:00:00','GO',291269756),(112,'2015-09-28 00:00:00','GO',292054387),(112,'2015-10-05 00:00:00','GO',294556606),(112,'2015-10-12 00:00:00','GO',296526328),(112,'2015-10-19 00:00:00','GO',296907031),(112,'2015-10-26 00:00:00','GO',302965820),(112,'2015-11-02 00:00:00','GO',304370814),(112,'2015-11-09 00:00:00','GO',308350934),(112,'2015-11-16 00:00:00','GO',311232895),(112,'2015-11-23 00:00:00','GO',314036957),(112,'2015-11-30 00:00:00','GO',317667386),(112,'2015-12-07 00:00:00','GO',319817702),(112,'2015-12-14 00:00:00','GO',324976596),(112,'2015-12-21 00:00:00','GO',329242126),(112,'2015-12-28 00:00:00','GO',330525037),(312,'2015-08-10 00:00:00','GO',137291),(312,'2015-08-17 00:00:00','GO',1527602),(312,'2015-08-24 00:00:00','GO',4485810),(312,'2015-08-31 00:00:00','GO',7001715),(312,'2015-09-07 00:00:00','GO',8516828),(312,'2015-09-14 00:00:00','GO',10114458),(312,'2015-09-21 00:00:00','GO',10978741),(312,'2015-09-28 00:00:00','GO',12980208),(312,'2015-10-05 00:00:00','GO',14975270),(312,'2015-10-12 00:00:00','GO',16973709),(312,'2015-10-19 00:00:00','GO',18379806),(312,'2015-10-26 00:00:00','GO',22919147),(312,'2015-11-02 00:00:00','GO',27563679),(312,'2015-11-09 00:00:00','GO',33749299),(312,'2015-11-16 00:00:00','GO',35709243),(312,'2015-11-23 00:00:00','GO',39816605),(312,'2015-11-30 00:00:00','GO',42146742),(312,'2015-12-07 00:00:00','GO',45933181),(312,'2015-12-14 00:00:00','GO',49945232),(312,'2015-12-21 00:00:00','GO',51623435),(312,'2015-12-28 00:00:00','GO',52815198),(102,'2015-01-26 00:00:00','GO',37545611),(102,'2015-02-02 00:00:00','GO',47363526),(102,'2015-02-09 00:00:00','GO',52355524),(102,'2015-02-16 00:00:00','GO',56664851),(102,'2015-02-23 00:00:00','GO',64217223),(102,'2015-03-02 00:00:00','GO',71063258),(102,'2015-03-09 00:00:00','GO',76459339),(102,'2015-03-16 00:00:00','GO',82366393),(102,'2015-03-23 00:00:00','GO',87080720),(102,'2015-03-30 00:00:00','GO',91452728),(102,'2015-04-06 00:00:00','GO',96562331),(102,'2015-04-13 00:00:00','GO',103982375),(102,'2015-04-20 00:00:00','GO',110363623),(102,'2015-04-27 00:00:00','GO',117090830),(102,'2015-05-04 00:00:00','GO',126046235),(102,'2015-05-11 00:00:00','GO',138705896),(102,'2015-05-18 00:00:00','GO',150827248),(102,'2015-05-25 00:00:00','GO',157930316),(102,'2015-06-01 00:00:00','GO',173794219),(102,'2015-06-08 00:00:00','GO',182597215),(102,'2015-06-15 00:00:00','GO',187652090),(102,'2015-06-22 00:00:00','GO',192064767),(102,'2015-06-29 00:00:00','GO',197451224),(102,'2015-07-06 00:00:00','GO',202180354),(102,'2015-07-13 00:00:00','GO',206467522),(102,'2015-07-20 00:00:00','GO',208995841),(102,'2015-07-27 00:00:00','GO',212636613),(102,'2015-08-03 00:00:00','GO',217258155),(102,'2015-08-10 00:00:00','GO',219135443),(102,'2015-08-17 00:00:00','GO',220292245),(102,'2015-08-24 00:00:00','GO',224366299),(102,'2015-08-31 00:00:00','GO',227685874),(102,'2015-09-07 00:00:00','GO',229478594),(102,'2015-09-14 00:00:00','GO',234066175),(102,'2015-09-21 00:00:00','GO',237175448),(102,'2015-09-28 00:00:00','GO',238366100),(102,'2015-10-05 00:00:00','GO',241438692),(102,'2015-10-12 00:00:00','GO',246030303),(102,'2015-10-19 00:00:00','GO',249308336),(102,'2015-10-26 00:00:00','GO',250053561),(102,'2015-11-02 00:00:00','GO',250285967),(102,'2015-11-09 00:00:00','GO',252505520),(102,'2015-11-16 00:00:00','GO',253872370),(102,'2015-11-23 00:00:00','GO',256280639),(102,'2015-11-30 00:00:00','GO',257336883),(102,'2015-12-07 00:00:00','GO',258371955),(102,'2015-12-14 00:00:00','GO',259111019),(102,'2015-12-21 00:00:00','GO',262614788),(102,'2015-12-28 00:00:00','GO',263487945),(122,'2014-12-29 00:00:00','GO',190558067),(122,'2015-01-05 00:00:00','GO',193790564),(122,'2015-01-12 00:00:00','GO',201711374),(122,'2015-01-19 00:00:00','GO',207547442),(122,'2015-01-26 00:00:00','GO',209551976),(122,'2015-02-02 00:00:00','GO',215431158),(122,'2015-02-09 00:00:00','GO',219395854),(122,'2015-02-16 00:00:00','GO',233407622),(122,'2015-02-23 00:00:00','GO',245622751),(122,'2015-03-02 00:00:00','GO',256417602),(122,'2015-03-09 00:00:00','GO',261865075),(122,'2015-03-16 00:00:00','GO',267793207),(122,'2015-03-23 00:00:00','GO',280355970),(122,'2015-03-30 00:00:00','GO',293536654),(122,'2015-04-06 00:00:00','GO',306326612),(122,'2015-04-13 00:00:00','GO',316693362),(122,'2015-04-20 00:00:00','GO',325437630),(122,'2015-04-27 00:00:00','GO',336235840),(122,'2015-05-04 00:00:00','GO',344832084),(122,'2015-05-11 00:00:00','GO',359265594),(122,'2015-05-18 00:00:00','GO',369142238),(122,'2015-05-25 00:00:00','GO',384463304),(122,'2015-06-01 00:00:00','GO',404696145),(122,'2015-06-08 00:00:00','GO',416593251),(122,'2015-06-15 00:00:00','GO',431831208),(122,'2015-06-22 00:00:00','GO',447164216),(122,'2015-06-29 00:00:00','GO',463586799),(122,'2015-07-06 00:00:00','GO',473097003),(122,'2015-07-13 00:00:00','GO',484380262),(122,'2015-07-20 00:00:00','GO',501483265),(122,'2015-07-27 00:00:00','GO',512213354),(122,'2015-08-03 00:00:00','GO',531486054),(122,'2015-08-10 00:00:00','GO',549531121),(122,'2015-08-17 00:00:00','GO',549532121),(122,'2015-08-24 00:00:00','GO',549532121),(122,'2015-08-31 00:00:00','GO',549532121),(122,'2015-09-07 00:00:00','GO',549626650),(122,'2015-09-14 00:00:00','GO',550431090),(122,'2015-09-21 00:00:00','GO',554293603),(122,'2015-09-28 00:00:00','GO',554479956),(122,'2015-10-05 00:00:00','GO',554479956),(122,'2015-10-12 00:00:00','GO',554655904),(122,'2015-10-19 00:00:00','GO',555134571),(122,'2015-10-26 00:00:00','GO',556716870),(122,'2015-11-02 00:00:00','GO',558656570),(122,'2015-11-09 00:00:00','GO',558844422),(122,'2015-11-16 00:00:00','GO',566575835),(122,'2015-11-23 00:00:00','GO',597593667),(122,'2015-11-30 00:00:00','GO',600477505),(122,'2015-12-07 00:00:00','GO',603311569),(122,'2015-12-14 00:00:00','GO',606847293),(122,'2015-12-21 00:00:00','GO',607310373),(122,'2015-12-28 00:00:00','GO',608036117),(1172,'2015-11-30 00:00:00','GO',3588373),(1172,'2015-12-07 00:00:00','GO',5077315),(1172,'2015-12-14 00:00:00','GO',6655060),(1172,'2015-12-21 00:00:00','GO',7451925),(1172,'2015-12-28 00:00:00','GO',8043225),(1168,'2015-12-14 00:00:00','GO',64691437),(1168,'2015-12-21 00:00:00','GO',65340986),(1168,'2015-12-28 00:00:00','GO',65689237),(132,'2014-12-29 00:00:00','GO',82811377),(132,'2015-01-05 00:00:00','GO',84509305),(132,'2015-01-12 00:00:00','GO',85977596),(132,'2015-01-19 00:00:00','GO',94450820),(132,'2015-01-26 00:00:00','GO',98714722),(132,'2015-02-02 00:00:00','GO',112436012),(132,'2015-02-09 00:00:00','GO',122865611),(132,'2015-02-16 00:00:00','GO',130681210),(132,'2015-02-23 00:00:00','GO',144050645),(132,'2015-03-02 00:00:00','GO',154285559),(132,'2015-03-09 00:00:00','GO',157101838),(132,'2015-03-16 00:00:00','GO',157629870),(132,'2015-03-23 00:00:00','GO',159427398),(132,'2015-03-30 00:00:00','GO',161539711),(132,'2015-04-06 00:00:00','GO',164855335),(132,'2015-04-13 00:00:00','GO',165381594),(132,'2015-04-20 00:00:00','GO',166239232),(132,'2015-04-27 00:00:00','GO',166723427),(132,'2015-05-04 00:00:00','GO',169756278),(132,'2015-05-11 00:00:00','GO',171532497),(132,'2015-05-18 00:00:00','GO',176336794),(132,'2015-05-25 00:00:00','GO',177650317),(132,'2015-06-01 00:00:00','GO',179637427),(132,'2015-06-08 00:00:00','GO',180717229),(132,'2015-06-15 00:00:00','GO',181210535),(132,'2015-06-22 00:00:00','GO',181671957),(132,'2015-06-29 00:00:00','GO',183563697),(132,'2015-07-06 00:00:00','GO',184900794),(132,'2015-07-13 00:00:00','GO',189207616),(132,'2015-07-20 00:00:00','GO',191961893),(132,'2015-07-27 00:00:00','GO',194815319),(132,'2015-08-03 00:00:00','GO',198948795),(132,'2015-08-10 00:00:00','GO',201101350),(132,'2015-08-17 00:00:00','GO',201887518),(132,'2015-08-24 00:00:00','GO',201887518),(132,'2015-08-31 00:00:00','GO',202700946),(132,'2015-09-07 00:00:00','GO',203213479),(132,'2015-09-14 00:00:00','GO',204043029),(132,'2015-09-21 00:00:00','GO',204345116),(132,'2015-09-28 00:00:00','GO',205091047),(132,'2015-10-05 00:00:00','GO',205259646),(132,'2015-10-12 00:00:00','GO',205474822),(132,'2015-10-19 00:00:00','GO',205474822),(132,'2015-10-26 00:00:00','GO',205474822),(132,'2015-11-02 00:00:00','GO',206286596),(132,'2015-11-09 00:00:00','GO',207316185),(132,'2015-11-16 00:00:00','GO',207815773),(132,'2015-11-23 00:00:00','GO',208551401),(132,'2015-11-30 00:00:00','GO',208716875),(132,'2015-12-07 00:00:00','GO',208868606),(132,'2015-12-14 00:00:00','GO',210543103),(132,'2015-12-21 00:00:00','GO',210960729),(132,'2015-12-28 00:00:00','GO',211221473),(302,'2015-01-26 00:00:00','GO',17775414),(302,'2015-02-02 00:00:00','GO',20902380),(302,'2015-02-09 00:00:00','GO',24297573),(302,'2015-02-16 00:00:00','GO',25331854),(302,'2015-02-23 00:00:00','GO',26702911),(302,'2015-03-02 00:00:00','GO',31374156),(302,'2015-03-09 00:00:00','GO',35362933),(302,'2015-03-16 00:00:00','GO',38172579),(302,'2015-03-23 00:00:00','GO',41341351),(302,'2015-03-30 00:00:00','GO',45443769),(302,'2015-04-06 00:00:00','GO',49788578),(302,'2015-04-13 00:00:00','GO',51575169),(302,'2015-04-20 00:00:00','GO',54104650),(302,'2015-04-27 00:00:00','GO',55835740),(302,'2015-05-04 00:00:00','GO',56943858),(302,'2015-05-11 00:00:00','GO',58203071),(302,'2015-05-18 00:00:00','GO',61989414),(302,'2015-05-25 00:00:00','GO',64710572),(302,'2015-06-01 00:00:00','GO',66860993),(302,'2015-06-08 00:00:00','GO',68491918),(302,'2015-06-15 00:00:00','GO',68794271),(302,'2015-06-22 00:00:00','GO',69349324),(302,'2015-06-29 00:00:00','GO',72265636),(302,'2015-07-06 00:00:00','GO',74761443),(302,'2015-07-13 00:00:00','GO',74796879),(302,'2015-07-20 00:00:00','GO',74796879),(302,'2015-07-27 00:00:00','GO',74796879),(302,'2015-08-03 00:00:00','GO',75325771),(302,'2015-08-10 00:00:00','GO',77029878),(302,'2015-08-17 00:00:00','GO',77682056),(302,'2015-08-24 00:00:00','GO',78104507),(302,'2015-08-31 00:00:00','GO',78437537),(302,'2015-09-07 00:00:00','GO',79109088),(302,'2015-09-14 00:00:00','GO',81088231),(302,'2015-09-21 00:00:00','GO',84003505),(302,'2015-09-28 00:00:00','GO',86047162),(302,'2015-10-05 00:00:00','GO',87092699),(302,'2015-10-12 00:00:00','GO',88011189),(302,'2015-10-19 00:00:00','GO',88065974),(302,'2015-10-26 00:00:00','GO',88972406),(302,'2015-11-02 00:00:00','GO',89054406),(302,'2015-11-09 00:00:00','GO',89087072),(302,'2015-11-16 00:00:00','GO',89180863),(302,'2015-11-23 00:00:00','GO',89180863),(302,'2015-11-30 00:00:00','GO',89180863),(302,'2015-12-07 00:00:00','GO',89180863),(302,'2015-12-14 00:00:00','GO',89180863),(302,'2015-12-21 00:00:00','GO',89180863),(302,'2015-12-28 00:00:00','GO',89427720),(62,'2014-12-29 00:00:00','GO',174586686),(62,'2015-01-05 00:00:00','GO',188713336),(62,'2015-01-12 00:00:00','GO',196683643),(62,'2015-01-19 00:00:00','GO',206241565),(62,'2015-01-26 00:00:00','GO',211376559),(62,'2015-02-02 00:00:00','GO',223516519),(62,'2015-02-09 00:00:00','GO',232509768),(62,'2015-02-16 00:00:00','GO',244379480),(62,'2015-02-23 00:00:00','GO',256973642),(62,'2015-03-02 00:00:00','GO',263156066),(62,'2015-03-09 00:00:00','GO',272482034),(62,'2015-03-16 00:00:00','GO',281618291),(62,'2015-03-23 00:00:00','GO',295278409),(62,'2015-03-30 00:00:00','GO',296674693),(62,'2015-04-06 00:00:00','GO',300084410),(62,'2015-04-13 00:00:00','GO',303421931),(62,'2015-04-20 00:00:00','GO',304846339),(62,'2015-04-27 00:00:00','GO',307299915),(62,'2015-05-04 00:00:00','GO',307720957),(62,'2015-05-11 00:00:00','GO',308192334),(62,'2015-05-18 00:00:00','GO',308265333),(62,'2015-05-25 00:00:00','GO',308308419),(62,'2015-06-01 00:00:00','GO',308308419),(62,'2015-06-08 00:00:00','GO',312827291),(62,'2015-06-15 00:00:00','GO',313509267),(62,'2015-06-22 00:00:00','GO',314427149),(62,'2015-06-29 00:00:00','GO',314427149),(62,'2015-07-06 00:00:00','GO',315380849),(62,'2015-07-13 00:00:00','GO',315461827),(62,'2015-07-20 00:00:00','GO',316165046),(62,'2015-07-27 00:00:00','GO',317953150),(62,'2015-08-03 00:00:00','GO',318731952),(62,'2015-08-10 00:00:00','GO',321236932),(62,'2015-08-17 00:00:00','GO',321943124),(62,'2015-08-24 00:00:00','GO',324870422),(62,'2015-08-31 00:00:00','GO',324978740),(62,'2015-09-07 00:00:00','GO',324978740),(62,'2015-09-14 00:00:00','GO',325187274),(62,'2015-09-21 00:00:00','GO',325536446),(62,'2015-09-28 00:00:00','GO',325540775),(62,'2015-10-05 00:00:00','GO',325629154),(62,'2015-10-12 00:00:00','GO',325629154),(62,'2015-10-19 00:00:00','GO',325658882),(62,'2015-10-26 00:00:00','GO',325658882),(62,'2015-11-02 00:00:00','GO',325658882),(62,'2015-11-09 00:00:00','GO',325658882),(62,'2015-11-16 00:00:00','GO',325658882),(62,'2015-11-23 00:00:00','GO',325658882),(62,'2015-11-30 00:00:00','GO',325658882),(62,'2015-12-07 00:00:00','GO',325658882),(62,'2015-12-14 00:00:00','GO',325943021),(62,'2015-12-21 00:00:00','GO',325943021),(62,'2015-12-28 00:00:00','GO',326162309),(242,'2015-06-29 00:00:00','GO',183350592),(242,'2015-07-06 00:00:00','GO',188680422),(242,'2015-07-13 00:00:00','GO',192398334),(242,'2015-07-20 00:00:00','GO',193698379),(242,'2015-07-27 00:00:00','GO',195284001),(242,'2015-08-03 00:00:00','GO',196600082),(242,'2015-08-10 00:00:00','GO',196946243),(242,'2015-08-17 00:00:00','GO',199208568),(242,'2015-08-24 00:00:00','GO',199943377),(242,'2015-08-31 00:00:00','GO',202785956),(242,'2015-09-07 00:00:00','GO',205988873),(242,'2015-09-14 00:00:00','GO',211000000),(242,'2015-09-21 00:00:00','GO',214615516),(242,'2015-09-28 00:00:00','GO',218739188),(242,'2015-10-05 00:00:00','GO',221049093),(242,'2015-10-12 00:00:00','GO',222712392),(242,'2015-10-19 00:00:00','GO',223265883),(242,'2015-10-26 00:00:00','GO',224088796),(242,'2015-11-02 00:00:00','GO',224575085),(242,'2015-11-09 00:00:00','GO',225413689),(242,'2015-11-16 00:00:00','GO',225798770),(242,'2015-11-23 00:00:00','GO',227806839),(242,'2015-11-30 00:00:00','GO',230177800),(242,'2015-12-07 00:00:00','GO',231740511),(242,'2015-12-14 00:00:00','GO',231990893),(242,'2015-12-21 00:00:00','GO',232300413),(242,'2015-12-28 00:00:00','GO',232513159),(1169,'2015-12-21 00:00:00','GO',91528862),(1169,'2015-12-28 00:00:00','GO',91731306),(222,'2015-01-26 00:00:00','GO',7200172),(222,'2015-02-02 00:00:00','GO',10641617),(222,'2015-02-09 00:00:00','GO',12880087),(222,'2015-02-16 00:00:00','GO',14413798),(222,'2015-02-23 00:00:00','GO',15501569),(222,'2015-03-02 00:00:00','GO',16713250),(222,'2015-03-09 00:00:00','GO',18073561),(222,'2015-03-16 00:00:00','GO',20044401),(222,'2015-03-23 00:00:00','GO',21701472),(222,'2015-03-30 00:00:00','GO',23840562),(222,'2015-04-06 00:00:00','GO',29512451),(222,'2015-04-13 00:00:00','GO',30011005),(222,'2015-04-20 00:00:00','GO',32575322),(222,'2015-04-27 00:00:00','GO',32774270),(222,'2015-05-04 00:00:00','GO',33112012),(222,'2015-05-11 00:00:00','GO',34099965),(222,'2015-05-18 00:00:00','GO',34267990),(222,'2015-05-25 00:00:00','GO',35145235),(222,'2015-06-01 00:00:00','GO',35819713),(222,'2015-06-08 00:00:00','GO',36484549),(222,'2015-06-15 00:00:00','GO',37100367),(222,'2015-06-22 00:00:00','GO',37404235),(222,'2015-06-29 00:00:00','GO',37404235),(222,'2015-07-06 00:00:00','GO',37404235),(222,'2015-07-13 00:00:00','GO',37845219),(222,'2015-07-20 00:00:00','GO',38764277),(222,'2015-07-27 00:00:00','GO',38764277),(222,'2015-08-03 00:00:00','GO',38764277),(222,'2015-08-10 00:00:00','GO',38764277),(222,'2015-08-17 00:00:00','GO',38764277),(222,'2015-08-24 00:00:00','GO',39029636),(222,'2015-08-31 00:00:00','GO',39380672),(222,'2015-09-07 00:00:00','GO',40097522),(222,'2015-09-14 00:00:00','GO',40183079),(222,'2015-09-21 00:00:00','GO',40317529),(222,'2015-09-28 00:00:00','GO',40439457),(222,'2015-10-05 00:00:00','GO',40680150),(222,'2015-10-12 00:00:00','GO',40936052),(222,'2015-10-19 00:00:00','GO',40953604),(222,'2015-10-26 00:00:00','GO',41107346),(222,'2015-11-02 00:00:00','GO',41376832),(222,'2015-11-09 00:00:00','GO',41464286),(222,'2015-11-16 00:00:00','GO',41584661),(222,'2015-11-23 00:00:00','GO',41667375),(222,'2015-11-30 00:00:00','GO',41817175),(222,'2015-12-07 00:00:00','GO',41920175),(222,'2015-12-14 00:00:00','GO',42037194),(222,'2015-12-21 00:00:00','GO',42372105),(222,'2015-12-28 00:00:00','GO',42574105),(162,'2015-10-19 00:00:00','GO',184939864),(162,'2015-10-26 00:00:00','GO',189198305),(162,'2015-11-02 00:00:00','GO',194133450),(162,'2015-11-09 00:00:00','GO',196463890),(162,'2015-11-16 00:00:00','GO',199060313),(162,'2015-11-23 00:00:00','GO',200305569),(162,'2015-11-30 00:00:00','GO',202279660),(162,'2015-12-07 00:00:00','GO',202513862),(162,'2015-12-14 00:00:00','GO',203316132),(162,'2015-12-21 00:00:00','GO',203695774),(162,'2015-12-28 00:00:00','GO',203854050),(292,'2014-12-29 00:00:00','GO',59023379),(292,'2015-01-05 00:00:00','GO',66679174),(292,'2015-01-12 00:00:00','GO',72049882),(292,'2015-01-19 00:00:00','GO',74450021),(292,'2015-01-26 00:00:00','GO',77049096),(292,'2015-02-02 00:00:00','GO',79063707),(292,'2015-02-09 00:00:00','GO',79254361),(292,'2015-02-16 00:00:00','GO',83473115),(292,'2015-02-23 00:00:00','GO',85374839),(292,'2015-03-02 00:00:00','GO',88456773),(292,'2015-03-09 00:00:00','GO',89974387),(292,'2015-03-16 00:00:00','GO',92260516),(292,'2015-03-23 00:00:00','GO',93338978),(292,'2015-03-30 00:00:00','GO',98087771),(292,'2015-04-06 00:00:00','GO',101425137),(292,'2015-04-13 00:00:00','GO',102944310),(292,'2015-04-20 00:00:00','GO',103855203),(292,'2015-04-27 00:00:00','GO',105060248),(292,'2015-05-04 00:00:00','GO',106291082),(292,'2015-05-11 00:00:00','GO',108101172),(292,'2015-05-18 00:00:00','GO',108812548),(292,'2015-05-25 00:00:00','GO',111070909),(292,'2015-06-01 00:00:00','GO',114523414),(292,'2015-06-08 00:00:00','GO',117249252),(292,'2015-06-15 00:00:00','GO',119283304),(292,'2015-06-22 00:00:00','GO',122953549),(292,'2015-06-29 00:00:00','GO',124362255),(292,'2015-07-06 00:00:00','GO',124997469),(292,'2015-07-13 00:00:00','GO',125589151),(292,'2015-07-20 00:00:00','GO',126331726),(292,'2015-07-27 00:00:00','GO',126602358),(292,'2015-08-03 00:00:00','GO',126602358),(292,'2015-08-10 00:00:00','GO',127163619),(292,'2015-08-17 00:00:00','GO',127361409),(292,'2015-08-24 00:00:00','GO',127623698),(292,'2015-08-31 00:00:00','GO',127762268),(292,'2015-09-07 00:00:00','GO',127763271),(292,'2015-09-14 00:00:00','GO',127763271),(292,'2015-09-21 00:00:00','GO',127763271),(292,'2015-09-28 00:00:00','GO',127763271),(292,'2015-10-05 00:00:00','GO',127826666),(292,'2015-10-12 00:00:00','GO',127826666),(292,'2015-10-19 00:00:00','GO',127866543),(292,'2015-10-26 00:00:00','GO',127866543),(292,'2015-11-02 00:00:00','GO',127866543),(292,'2015-11-09 00:00:00','GO',127867546),(292,'2015-11-16 00:00:00','GO',127867546),(292,'2015-11-23 00:00:00','GO',127867546),(292,'2015-11-30 00:00:00','GO',129244911),(292,'2015-12-07 00:00:00','GO',131579488),(292,'2015-12-14 00:00:00','GO',131955834),(292,'2015-12-21 00:00:00','GO',132027506),(292,'2015-12-28 00:00:00','GO',132183283),(142,'2015-07-13 00:00:00','GO',16073516),(142,'2015-07-20 00:00:00','GO',17576638),(142,'2015-07-27 00:00:00','GO',19422197),(142,'2015-08-03 00:00:00','GO',20767539),(142,'2015-08-10 00:00:00','GO',21377310),(142,'2015-08-17 00:00:00','GO',22570894),(142,'2015-08-24 00:00:00','GO',23056315),(142,'2015-08-31 00:00:00','GO',24283545),(142,'2015-09-07 00:00:00','GO',25653116),(142,'2015-09-14 00:00:00','GO',26315141),(142,'2015-09-21 00:00:00','GO',27354251),(142,'2015-09-28 00:00:00','GO',27785469),(142,'2015-10-05 00:00:00','GO',28804683),(142,'2015-10-12 00:00:00','GO',29972706),(142,'2015-10-19 00:00:00','GO',31225387),(142,'2015-10-26 00:00:00','GO',32125196),(142,'2015-11-02 00:00:00','GO',33224465),(142,'2015-11-09 00:00:00','GO',34647937),(142,'2015-11-16 00:00:00','GO',35686213),(142,'2015-11-23 00:00:00','GO',36178347),(142,'2015-11-30 00:00:00','GO',39129199),(142,'2015-12-07 00:00:00','GO',40413155),(142,'2015-12-14 00:00:00','GO',40841857),(142,'2015-12-21 00:00:00','GO',41491294),(142,'2015-12-28 00:00:00','GO',41616439),(322,'2015-03-30 00:00:00','GO',5583385),(322,'2015-04-06 00:00:00','GO',5613372),(322,'2015-04-13 00:00:00','GO',5613372),(322,'2015-04-20 00:00:00','GO',5794741),(322,'2015-04-27 00:00:00','GO',5808525),(322,'2015-05-04 00:00:00','GO',6714573),(322,'2015-05-11 00:00:00','GO',6714573),(322,'2015-05-18 00:00:00','GO',6870079),(322,'2015-05-25 00:00:00','GO',7013513),(322,'2015-06-01 00:00:00','GO',7412839),(322,'2015-06-08 00:00:00','GO',7845245),(322,'2015-06-15 00:00:00','GO',7923245),(322,'2015-06-22 00:00:00','GO',7923245),(322,'2015-06-29 00:00:00','GO',8470129),(322,'2015-07-06 00:00:00','GO',8547192),(322,'2015-07-13 00:00:00','GO',8622192),(322,'2015-07-20 00:00:00','GO',8709591),(322,'2015-07-27 00:00:00','GO',8776591),(322,'2015-08-03 00:00:00','GO',9012257),(322,'2015-08-10 00:00:00','GO',9020757),(322,'2015-08-17 00:00:00','GO',9112757),(322,'2015-08-24 00:00:00','GO',9443781),(322,'2015-08-31 00:00:00','GO',9825973),(322,'2015-09-07 00:00:00','GO',10239719),(322,'2015-09-14 00:00:00','GO',10505890),(322,'2015-09-21 00:00:00','GO',10774697),(322,'2015-09-28 00:00:00','GO',10774697),(322,'2015-10-05 00:00:00','GO',10774697),(322,'2015-10-12 00:00:00','GO',10991513),(322,'2015-10-19 00:00:00','GO',10991513),(322,'2015-10-26 00:00:00','GO',10991513),(322,'2015-11-02 00:00:00','GO',10991513),(322,'2015-11-09 00:00:00','GO',10991513),(322,'2015-11-16 00:00:00','GO',11625553),(322,'2015-11-23 00:00:00','GO',11794324),(322,'2015-11-30 00:00:00','GO',11897324),(322,'2015-12-07 00:00:00','GO',12306122),(322,'2015-12-14 00:00:00','GO',12533564),(322,'2015-12-21 00:00:00','GO',13054077),(322,'2015-12-28 00:00:00','GO',13153577),(332,'2015-09-07 00:00:00','GO',4326051),(332,'2015-09-14 00:00:00','GO',4494639),(332,'2015-09-21 00:00:00','GO',4636639),(332,'2015-09-28 00:00:00','GO',4808654),(332,'2015-10-05 00:00:00','GO',4808654),(332,'2015-10-12 00:00:00','GO',4969654),(332,'2015-10-19 00:00:00','GO',5057812),(332,'2015-10-26 00:00:00','GO',5315599),(332,'2015-11-02 00:00:00','GO',5439061),(332,'2015-11-09 00:00:00','GO',5588206),(332,'2015-11-16 00:00:00','GO',6158121),(332,'2015-11-23 00:00:00','GO',6364521),(332,'2015-11-30 00:00:00','GO',6471521),(332,'2015-12-07 00:00:00','GO',6581521),(332,'2015-12-14 00:00:00','GO',6654521),(332,'2015-12-21 00:00:00','GO',6943277),(332,'2015-12-28 00:00:00','GO',6981527),(1175,'2015-12-21 00:00:00','GO',25811),(1175,'2015-12-28 00:00:00','GO',27253),(22,'2015-02-16 00:00:00','GO',208790987),(22,'2015-02-23 00:00:00','GO',220584091),(22,'2015-03-02 00:00:00','GO',222064971),(22,'2015-03-09 00:00:00','GO',227209146),(22,'2015-03-16 00:00:00','GO',230042515),(22,'2015-03-23 00:00:00','GO',239325981),(22,'2015-03-30 00:00:00','GO',250954052),(22,'2015-04-06 00:00:00','GO',257230959),(22,'2015-04-13 00:00:00','GO',263990606),(22,'2015-04-20 00:00:00','GO',266986510),(22,'2015-04-27 00:00:00','GO',268785336),(22,'2015-05-04 00:00:00','GO',272695938),(22,'2015-05-11 00:00:00','GO',277099291),(22,'2015-05-18 00:00:00','GO',282524528),(22,'2015-05-25 00:00:00','GO',283639711),(22,'2015-06-01 00:00:00','GO',284044723),(22,'2015-06-08 00:00:00','GO',284044723),(22,'2015-06-15 00:00:00','GO',284045723),(22,'2015-06-22 00:00:00','GO',284478204),(22,'2015-06-29 00:00:00','GO',286683541),(22,'2015-07-06 00:00:00','GO',286683541),(22,'2015-07-13 00:00:00','GO',289583163),(22,'2015-07-20 00:00:00','GO',296620574),(22,'2015-07-27 00:00:00','GO',298014628),(22,'2015-08-03 00:00:00','GO',314367717),(22,'2015-08-10 00:00:00','GO',335351247),(22,'2015-08-17 00:00:00','GO',335821165),(22,'2015-08-24 00:00:00','GO',337485402),(22,'2015-08-31 00:00:00','GO',339855203),(22,'2015-09-07 00:00:00','GO',340073210),(22,'2015-09-14 00:00:00','GO',340229509),(22,'2015-09-21 00:00:00','GO',340514509),(22,'2015-09-28 00:00:00','GO',340635645),(22,'2015-10-05 00:00:00','GO',343136593),(22,'2015-10-12 00:00:00','GO',346267944),(22,'2015-10-19 00:00:00','GO',346767576),(22,'2015-10-26 00:00:00','GO',347788138),(22,'2015-11-02 00:00:00','GO',348598411),(22,'2015-11-09 00:00:00','GO',348661717),(22,'2015-11-16 00:00:00','GO',349170411),(22,'2015-11-23 00:00:00','GO',349294247),(22,'2015-11-30 00:00:00','GO',349294247),(22,'2015-12-07 00:00:00','GO',349294247),(22,'2015-12-14 00:00:00','GO',355069290),(22,'2015-12-21 00:00:00','GO',355341009),(22,'2015-12-28 00:00:00','GO',355341009),(1164,'2015-11-02 00:00:00','GO',37001977),(1164,'2015-11-09 00:00:00','GO',37477441),(1164,'2015-11-16 00:00:00','GO',37875342),(1164,'2015-11-23 00:00:00','GO',38153488),(1164,'2015-11-30 00:00:00','GO',38667714),(1164,'2015-12-07 00:00:00','GO',38971563),(1164,'2015-12-14 00:00:00','GO',39060663),(1164,'2015-12-21 00:00:00','GO',39126100),(1164,'2015-12-28 00:00:00','GO',39126100),(372,'2015-04-20 00:00:00','GO',19500),(372,'2015-04-27 00:00:00','GO',28999),(372,'2015-05-04 00:00:00','GO',34130),(372,'2015-05-11 00:00:00','GO',36005),(372,'2015-05-18 00:00:00','GO',36005),(372,'2015-05-25 00:00:00','GO',60506),(372,'2015-06-01 00:00:00','GO',107202),(372,'2015-06-08 00:00:00','GO',145239),(372,'2015-06-15 00:00:00','GO',205460),(372,'2015-06-22 00:00:00','GO',205460),(372,'2015-06-29 00:00:00','GO',222611),(372,'2015-07-06 00:00:00','GO',222611),(372,'2015-07-13 00:00:00','GO',320379),(372,'2015-07-20 00:00:00','GO',349760),(372,'2015-07-27 00:00:00','GO',349760),(372,'2015-08-03 00:00:00','GO',370905),(372,'2015-08-10 00:00:00','GO',370905),(372,'2015-08-17 00:00:00','GO',370905),(372,'2015-08-24 00:00:00','GO',370905),(372,'2015-08-31 00:00:00','GO',390271),(372,'2015-09-07 00:00:00','GO',406859),(372,'2015-09-14 00:00:00','GO',428248),(372,'2015-09-21 00:00:00','GO',436278),(372,'2015-09-28 00:00:00','GO',437927),(372,'2015-10-05 00:00:00','GO',437927),(372,'2015-10-12 00:00:00','GO',437927),(372,'2015-10-19 00:00:00','GO',437927),(372,'2015-10-26 00:00:00','GO',443465),(372,'2015-11-02 00:00:00','GO',513465),(372,'2015-11-09 00:00:00','GO',513465),(372,'2015-11-16 00:00:00','GO',513465),(372,'2015-11-23 00:00:00','GO',1265321),(372,'2015-11-30 00:00:00','GO',2473971),(372,'2015-12-07 00:00:00','GO',3397520),(372,'2015-12-14 00:00:00','GO',3481630),(372,'2015-12-21 00:00:00','GO',3481630),(372,'2015-12-28 00:00:00','GO',3481630),(92,'2015-12-28 00:00:00','GO',184850761),(1170,'2015-12-28 00:00:00','GO',28593062),(1171,'2015-12-28 00:00:00','GO',3180395),(442,'2015-11-30 00:00:00','GO',1468283),(442,'2015-12-07 00:00:00','GO',1468283),(442,'2015-12-14 00:00:00','GO',1468283),(442,'2015-12-21 00:00:00','GO',1468283),(442,'2015-12-28 00:00:00','GO',1468283),(1176,'2015-12-28 00:00:00','GO',107666),(32,'2015-05-11 00:00:00','EL',668465828),(32,'2015-05-18 00:00:00','EL',673700451),(32,'2015-05-25 00:00:00','EL',683380846),(32,'2015-06-01 00:00:00','EL',691434605),(32,'2015-06-08 00:00:00','EL',700819783),(32,'2015-06-15 00:00:00','EL',711222616),(32,'2015-06-22 00:00:00','EL',720435885),(32,'2015-06-29 00:00:00','EL',728170143),(32,'2015-07-06 00:00:00','EL',737226817),(32,'2015-07-13 00:00:00','EL',743075685),(32,'2015-07-20 00:00:00','EL',750260721),(32,'2015-07-27 00:00:00','EL',760242939),(32,'2015-08-03 00:00:00','EL',769850922),(32,'2015-08-10 00:00:00','EL',779517315),(32,'2015-08-17 00:00:00','EL',787519783),(32,'2015-08-24 00:00:00','EL',791597588),(32,'2015-08-31 00:00:00','EL',797700728),(32,'2015-09-07 00:00:00','EL',805381251),(32,'2015-09-14 00:00:00','EL',807400018),(32,'2015-09-21 00:00:00','EL',818452473),(32,'2015-09-28 00:00:00','EL',827969978),(32,'2015-10-05 00:00:00','EL',834781508),(32,'2015-10-12 00:00:00','EL',843529193),(32,'2015-10-19 00:00:00','EL',851748166),(32,'2015-10-26 00:00:00','EL',861827190),(32,'2015-11-02 00:00:00','EL',875797671),(32,'2015-11-09 00:00:00','EL',887330837),(32,'2015-11-16 00:00:00','EL',899788795),(32,'2015-11-23 00:00:00','EL',916066952),(32,'2015-11-30 00:00:00','EL',933086141),(32,'2015-12-07 00:00:00','EL',944604928),(32,'2015-12-14 00:00:00','EL',967724907),(32,'2015-12-21 00:00:00','EL',987753092),(32,'2015-12-28 00:00:00','EL',1008945616),(212,'2015-04-27 00:00:00','EL',544285125),(212,'2015-05-04 00:00:00','EL',566252436),(212,'2015-05-11 00:00:00','EL',588399598),(212,'2015-05-18 00:00:00','EL',606054129),(212,'2015-05-25 00:00:00','EL',623840288),(212,'2015-06-01 00:00:00','EL',636019941),(212,'2015-06-08 00:00:00','EL',645112369),(212,'2015-06-15 00:00:00','EL',655745384),(212,'2015-06-22 00:00:00','EL',670333317),(212,'2015-06-29 00:00:00','EL',682075004),(212,'2015-07-06 00:00:00','EL',695223563),(212,'2015-07-13 00:00:00','EL',708405743),(212,'2015-07-20 00:00:00','EL',722588380),(212,'2015-07-27 00:00:00','EL',736821192),(212,'2015-08-03 00:00:00','EL',751172147),(212,'2015-08-10 00:00:00','EL',768188833),(212,'2015-08-17 00:00:00','EL',779847855),(212,'2015-08-24 00:00:00','EL',788833893),(212,'2015-08-31 00:00:00','EL',800175895),(212,'2015-09-07 00:00:00','EL',809199589),(212,'2015-09-14 00:00:00','EL',817541272),(212,'2015-09-21 00:00:00','EL',828437834),(212,'2015-09-28 00:00:00','EL',843184778),(212,'2015-10-05 00:00:00','EL',853802106),(212,'2015-10-12 00:00:00','EL',863502638),(212,'2015-10-19 00:00:00','EL',874656243),(212,'2015-10-26 00:00:00','EL',883934928),(212,'2015-11-02 00:00:00','EL',896696090),(212,'2015-11-09 00:00:00','EL',903633919),(212,'2015-11-16 00:00:00','EL',912615956),(212,'2015-11-23 00:00:00','EL',920402124),(212,'2015-11-30 00:00:00','EL',930529069),(212,'2015-12-07 00:00:00','EL',940705734),(212,'2015-12-14 00:00:00','EL',958055729),(212,'2015-12-21 00:00:00','EL',973113592),(212,'2015-12-28 00:00:00','EL',986803210),(52,'2015-03-23 00:00:00','EL',163272730),(52,'2015-03-30 00:00:00','EL',167240146),(52,'2015-04-06 00:00:00','EL',170997904),(52,'2015-04-13 00:00:00','EL',174135044),(52,'2015-04-20 00:00:00','EL',174619400),(52,'2015-04-27 00:00:00','EL',177400747),(52,'2015-05-04 00:00:00','EL',182098097),(52,'2015-05-11 00:00:00','EL',186524408),(52,'2015-05-18 00:00:00','EL',191707623),(52,'2015-05-25 00:00:00','EL',197080686),(52,'2015-06-01 00:00:00','EL',209430741),(52,'2015-06-08 00:00:00','EL',214993014),(52,'2015-06-15 00:00:00','EL',221782373),(52,'2015-06-22 00:00:00','EL',226796224),(52,'2015-06-29 00:00:00','EL',231668736),(52,'2015-07-06 00:00:00','EL',234281170),(52,'2015-07-13 00:00:00','EL',237362711),(52,'2015-07-20 00:00:00','EL',242192498),(52,'2015-07-27 00:00:00','EL',245538674),(52,'2015-08-03 00:00:00','EL',249120696),(52,'2015-08-10 00:00:00','EL',253867142),(52,'2015-08-17 00:00:00','EL',258442194),(52,'2015-08-24 00:00:00','EL',264269619),(52,'2015-08-31 00:00:00','EL',270002880),(52,'2015-09-07 00:00:00','EL',273352120),(52,'2015-09-14 00:00:00','EL',280539465),(52,'2015-09-21 00:00:00','EL',288975852),(52,'2015-09-28 00:00:00','EL',298491922),(52,'2015-10-05 00:00:00','EL',306911170),(52,'2015-10-12 00:00:00','EL',321161811),(52,'2015-10-19 00:00:00','EL',330385770),(52,'2015-10-26 00:00:00','EL',340376345),(52,'2015-11-02 00:00:00','EL',352442145),(52,'2015-11-09 00:00:00','EL',359941435),(52,'2015-11-16 00:00:00','EL',367462931),(52,'2015-11-23 00:00:00','EL',375048202),(52,'2015-11-30 00:00:00','EL',382215148),(52,'2015-12-07 00:00:00','EL',389441135),(52,'2015-12-14 00:00:00','EL',393680994),(52,'2015-12-21 00:00:00','EL',399258411),(52,'2015-12-28 00:00:00','EL',411134907),(282,'2015-06-08 00:00:00','EL',11425070),(282,'2015-06-15 00:00:00','EL',14586446),(282,'2015-06-22 00:00:00','EL',17639821),(282,'2015-06-29 00:00:00','EL',18939021),(282,'2015-07-06 00:00:00','EL',22896774),(282,'2015-07-13 00:00:00','EL',31882990),(282,'2015-07-20 00:00:00','EL',44142097),(282,'2015-07-27 00:00:00','EL',54359098),(282,'2015-08-03 00:00:00','EL',67458303),(282,'2015-08-10 00:00:00','EL',77079323),(282,'2015-08-17 00:00:00','EL',86622360),(282,'2015-08-24 00:00:00','EL',98312190),(282,'2015-08-31 00:00:00','EL',114334926),(282,'2015-09-07 00:00:00','EL',124964245),(282,'2015-09-14 00:00:00','EL',137607437),(282,'2015-09-21 00:00:00','EL',148498076),(282,'2015-09-28 00:00:00','EL',160496354),(282,'2015-10-05 00:00:00','EL',164964007),(282,'2015-10-12 00:00:00','EL',178170173),(282,'2015-10-19 00:00:00','EL',188444387),(282,'2015-10-26 00:00:00','EL',198991363),(282,'2015-11-02 00:00:00','EL',214889301),(282,'2015-11-09 00:00:00','EL',226319931),(282,'2015-11-16 00:00:00','EL',232418667),(282,'2015-11-23 00:00:00','EL',241760100),(282,'2015-11-30 00:00:00','EL',250826963),(282,'2015-12-07 00:00:00','EL',266430531),(282,'2015-12-14 00:00:00','EL',274805145),(282,'2015-12-21 00:00:00','EL',282896479),(282,'2015-12-28 00:00:00','EL',291355226),(192,'2015-05-25 00:00:00','EL',427709136),(192,'2015-06-01 00:00:00','EL',430292311),(192,'2015-06-08 00:00:00','EL',435491821),(192,'2015-06-15 00:00:00','EL',439836002),(192,'2015-06-22 00:00:00','EL',446936833),(192,'2015-06-29 00:00:00','EL',460942158),(192,'2015-07-06 00:00:00','EL',474625948),(192,'2015-07-13 00:00:00','EL',493979692),(192,'2015-07-20 00:00:00','EL',509519054),(192,'2015-07-27 00:00:00','EL',523596545),(192,'2015-08-03 00:00:00','EL',543251895),(192,'2015-08-10 00:00:00','EL',554256293),(192,'2015-08-17 00:00:00','EL',566147955),(192,'2015-08-24 00:00:00','EL',574961959),(192,'2015-08-31 00:00:00','EL',579627814),(192,'2015-09-07 00:00:00','EL',594087990),(192,'2015-09-14 00:00:00','EL',602176408),(192,'2015-09-21 00:00:00','EL',609062451),(192,'2015-09-28 00:00:00','EL',618795776),(192,'2015-10-05 00:00:00','EL',629392464),(192,'2015-10-12 00:00:00','EL',638781444),(192,'2015-10-19 00:00:00','EL',659428466),(192,'2015-10-26 00:00:00','EL',671294173),(192,'2015-11-02 00:00:00','EL',693352331),(192,'2015-11-09 00:00:00','EL',707674974),(192,'2015-11-16 00:00:00','EL',716605780),(192,'2015-11-23 00:00:00','EL',723146381),(192,'2015-11-30 00:00:00','EL',723163702),(192,'2015-12-07 00:00:00','EL',724959069),(192,'2015-12-14 00:00:00','EL',736899434),(192,'2015-12-21 00:00:00','EL',742411492),(192,'2015-12-28 00:00:00','EL',750635918),(2,'2015-02-02 00:00:00','EL',513966745),(2,'2015-02-09 00:00:00','EL',530035133),(2,'2015-02-16 00:00:00','EL',542153580),(2,'2015-02-23 00:00:00','EL',554363365),(2,'2015-03-02 00:00:00','EL',560629416),(2,'2015-03-09 00:00:00','EL',567756717),(2,'2015-03-16 00:00:00','EL',576996375),(2,'2015-03-23 00:00:00','EL',587679042),(2,'2015-03-30 00:00:00','EL',593065417),(2,'2015-04-06 00:00:00','EL',595830754),(2,'2015-04-13 00:00:00','EL',602538468),(2,'2015-04-20 00:00:00','EL',606726641),(2,'2015-04-27 00:00:00','EL',617747698),(2,'2015-05-04 00:00:00','EL',627560213),(2,'2015-05-11 00:00:00','EL',638851043),(2,'2015-05-18 00:00:00','EL',651356987),(2,'2015-05-25 00:00:00','EL',663733590),(2,'2015-06-01 00:00:00','EL',676782606),(2,'2015-06-08 00:00:00','EL',687065810),(2,'2015-06-15 00:00:00','EL',702199175),(2,'2015-06-22 00:00:00','EL',721693972),(2,'2015-06-29 00:00:00','EL',743583791),(2,'2015-07-06 00:00:00','EL',770146713),(2,'2015-07-13 00:00:00','EL',792481205),(2,'2015-07-20 00:00:00','EL',817205995),(2,'2015-07-27 00:00:00','EL',837018368),(2,'2015-08-03 00:00:00','EL',853194258),(2,'2015-08-10 00:00:00','EL',880831315),(2,'2015-08-17 00:00:00','EL',888807424),(2,'2015-08-24 00:00:00','EL',905581811),(2,'2015-08-31 00:00:00','EL',925185054),(2,'2015-09-07 00:00:00','EL',942336530),(2,'2015-09-14 00:00:00','EL',960484336),(2,'2015-09-21 00:00:00','EL',979987649),(2,'2015-09-28 00:00:00','EL',987124083),(2,'2015-10-05 00:00:00','EL',987830150),(2,'2015-10-12 00:00:00','EL',1007720107),(2,'2015-10-19 00:00:00','EL',1033549843),(2,'2015-10-26 00:00:00','EL',1043020843),(2,'2015-11-02 00:00:00','EL',1055647597),(2,'2015-11-09 00:00:00','EL',1061494320),(2,'2015-11-16 00:00:00','EL',1076436085),(2,'2015-11-23 00:00:00','EL',1091122419),(2,'2015-11-30 00:00:00','EL',1101298751),(2,'2015-12-07 00:00:00','EL',1106054864),(2,'2015-12-14 00:00:00','EL',1118921452),(2,'2015-12-21 00:00:00','EL',1127756329),(2,'2015-12-28 00:00:00','EL',1135227484),(82,'2015-02-02 00:00:00','EL',18471149),(82,'2015-02-09 00:00:00','EL',23014886),(82,'2015-02-16 00:00:00','EL',27198239),(82,'2015-02-23 00:00:00','EL',31775080),(82,'2015-03-02 00:00:00','EL',37065416),(82,'2015-03-09 00:00:00','EL',45043888),(82,'2015-03-16 00:00:00','EL',49350941),(82,'2015-03-23 00:00:00','EL',53750785),(82,'2015-03-30 00:00:00','EL',57712017),(82,'2015-04-06 00:00:00','EL',65437325),(82,'2015-04-13 00:00:00','EL',70852919),(82,'2015-04-20 00:00:00','EL',73876771),(82,'2015-04-27 00:00:00','EL',78762133),(82,'2015-05-04 00:00:00','EL',82805200),(82,'2015-05-11 00:00:00','EL',89690619),(82,'2015-05-18 00:00:00','EL',96537621),(82,'2015-05-25 00:00:00','EL',101184869),(82,'2015-06-01 00:00:00','EL',104870450),(82,'2015-06-08 00:00:00','EL',111503611),(82,'2015-06-15 00:00:00','EL',117430795),(82,'2015-06-22 00:00:00','EL',121393017),(82,'2015-06-29 00:00:00','EL',124394257),(82,'2015-07-06 00:00:00','EL',126786008),(82,'2015-07-13 00:00:00','EL',129642964),(82,'2015-07-20 00:00:00','EL',133861919),(82,'2015-07-27 00:00:00','EL',138277294),(82,'2015-08-03 00:00:00','EL',143203945),(82,'2015-08-10 00:00:00','EL',147761399),(82,'2015-08-17 00:00:00','EL',149245509),(82,'2015-08-24 00:00:00','EL',150459106),(82,'2015-08-31 00:00:00','EL',151406903),(82,'2015-09-07 00:00:00','EL',152342792),(82,'2015-09-14 00:00:00','EL',153662737),(82,'2015-09-21 00:00:00','EL',154793360),(82,'2015-09-28 00:00:00','EL',156464952),(82,'2015-10-05 00:00:00','EL',158898925),(82,'2015-10-12 00:00:00','EL',159627585),(82,'2015-10-19 00:00:00','EL',164107988),(82,'2015-10-26 00:00:00','EL',167653003),(82,'2015-11-02 00:00:00','EL',174367589),(82,'2015-11-09 00:00:00','EL',178352121),(82,'2015-11-16 00:00:00','EL',183356306),(82,'2015-11-23 00:00:00','EL',187879999),(82,'2015-11-30 00:00:00','EL',192481926),(82,'2015-12-07 00:00:00','EL',194852095),(82,'2015-12-14 00:00:00','EL',198276941),(82,'2015-12-21 00:00:00','EL',202607033),(82,'2015-12-28 00:00:00','EL',208776322),(42,'2015-02-09 00:00:00','EL',285072047),(42,'2015-02-16 00:00:00','EL',298278052),(42,'2015-02-23 00:00:00','EL',309520420),(42,'2015-03-02 00:00:00','EL',327016896),(42,'2015-03-09 00:00:00','EL',335872991),(42,'2015-03-16 00:00:00','EL',346158737),(42,'2015-03-23 00:00:00','EL',356228522),(42,'2015-03-30 00:00:00','EL',361456484),(42,'2015-04-06 00:00:00','EL',372293810),(42,'2015-04-13 00:00:00','EL',383788518),(42,'2015-04-20 00:00:00','EL',392336607),(42,'2015-04-27 00:00:00','EL',407766192),(42,'2015-05-04 00:00:00','EL',417893790),(42,'2015-05-11 00:00:00','EL',425122771),(42,'2015-05-18 00:00:00','EL',433852219),(42,'2015-05-25 00:00:00','EL',443904652),(42,'2015-06-01 00:00:00','EL',449860072),(42,'2015-06-08 00:00:00','EL',459210340),(42,'2015-06-15 00:00:00','EL',467148131),(42,'2015-06-22 00:00:00','EL',472885715),(42,'2015-06-29 00:00:00','EL',479413962),(42,'2015-07-06 00:00:00','EL',484406374),(42,'2015-07-13 00:00:00','EL',490055561),(42,'2015-07-20 00:00:00','EL',498810915),(42,'2015-07-27 00:00:00','EL',504265355),(42,'2015-08-03 00:00:00','EL',511317232),(42,'2015-08-10 00:00:00','EL',518683288),(42,'2015-08-17 00:00:00','EL',523359309),(42,'2015-08-24 00:00:00','EL',524661631),(42,'2015-08-31 00:00:00','EL',525028812),(42,'2015-09-07 00:00:00','EL',526290660),(42,'2015-09-14 00:00:00','EL',527338350),(42,'2015-09-21 00:00:00','EL',529675954),(42,'2015-09-28 00:00:00','EL',530751728),(42,'2015-10-05 00:00:00','EL',532463159),(42,'2015-10-12 00:00:00','EL',535796523),(42,'2015-10-19 00:00:00','EL',536829740),(42,'2015-10-26 00:00:00','EL',538578622),(42,'2015-11-02 00:00:00','EL',540996246),(42,'2015-11-09 00:00:00','EL',543133519),(42,'2015-11-16 00:00:00','EL',547899152),(42,'2015-11-23 00:00:00','EL',552578262),(42,'2015-11-30 00:00:00','EL',558846348),(42,'2015-12-07 00:00:00','EL',562537211),(42,'2015-12-14 00:00:00','EL',566656999),(42,'2015-12-21 00:00:00','EL',567412597),(42,'2015-12-28 00:00:00','EL',572693204),(1163,'2015-12-14 00:00:00','EL',161968234),(1163,'2015-12-21 00:00:00','EL',165333062),(1163,'2015-12-28 00:00:00','EL',170578786),(452,'2015-08-10 00:00:00','EL',656349094),(452,'2015-08-17 00:00:00','EL',672447790),(452,'2015-08-24 00:00:00','EL',677934881),(452,'2015-08-31 00:00:00','EL',680676207),(452,'2015-09-07 00:00:00','EL',684432508),(452,'2015-09-14 00:00:00','EL',691581812),(452,'2015-09-21 00:00:00','EL',695922604),(452,'2015-09-28 00:00:00','EL',700662277),(452,'2015-10-05 00:00:00','EL',708006807),(452,'2015-10-12 00:00:00','EL',715471705),(452,'2015-10-19 00:00:00','EL',722896756),(452,'2015-10-26 00:00:00','EL',728758198),(452,'2015-11-02 00:00:00','EL',734484723),(452,'2015-11-09 00:00:00','EL',740782151),(452,'2015-11-16 00:00:00','EL',748619494),(452,'2015-11-23 00:00:00','EL',756239750),(452,'2015-11-30 00:00:00','EL',758885202),(452,'2015-12-07 00:00:00','EL',763704643),(452,'2015-12-14 00:00:00','EL',770692997),(452,'2015-12-21 00:00:00','EL',779579468),(452,'2015-12-28 00:00:00','EL',784265559),(1165,'2015-10-05 00:00:00','EL',17996889),(1165,'2015-10-12 00:00:00','EL',23603865),(1165,'2015-10-19 00:00:00','EL',25180874),(1165,'2015-10-26 00:00:00','EL',27913197),(1165,'2015-11-02 00:00:00','EL',33062510),(1165,'2015-11-09 00:00:00','EL',37291714),(1165,'2015-11-16 00:00:00','EL',43247511),(1165,'2015-11-23 00:00:00','EL',46413610),(1165,'2015-11-30 00:00:00','EL',52648450),(1165,'2015-12-07 00:00:00','EL',54686431),(1165,'2015-12-14 00:00:00','EL',56827779),(1165,'2015-12-21 00:00:00','EL',58014915),(1165,'2015-12-28 00:00:00','EL',61093829),(462,'2015-06-08 00:00:00','EL',431971127),(462,'2015-06-15 00:00:00','EL',436164889),(462,'2015-06-22 00:00:00','EL',440400711),(462,'2015-06-29 00:00:00','EL',447278167),(462,'2015-07-06 00:00:00','EL',459938401),(462,'2015-07-13 00:00:00','EL',471801683),(462,'2015-07-20 00:00:00','EL',487029100),(462,'2015-07-27 00:00:00','EL',498110260),(462,'2015-08-03 00:00:00','EL',508958444),(462,'2015-08-10 00:00:00','EL',521945239),(462,'2015-08-17 00:00:00','EL',530441592),(462,'2015-08-24 00:00:00','EL',532511903),(462,'2015-08-31 00:00:00','EL',535276290),(462,'2015-09-07 00:00:00','EL',536553309),(462,'2015-09-14 00:00:00','EL',539737521),(462,'2015-09-21 00:00:00','EL',540596196),(462,'2015-09-28 00:00:00','EL',543757221),(462,'2015-10-05 00:00:00','EL',552801855),(462,'2015-10-12 00:00:00','EL',556807915),(462,'2015-10-19 00:00:00','EL',561462828),(462,'2015-10-26 00:00:00','EL',563823818),(462,'2015-11-02 00:00:00','EL',567229446),(462,'2015-11-09 00:00:00','EL',568842015),(462,'2015-11-16 00:00:00','EL',569902370),(462,'2015-11-23 00:00:00','EL',571693888),(462,'2015-11-30 00:00:00','EL',576319291),(462,'2015-12-07 00:00:00','EL',580659277),(462,'2015-12-14 00:00:00','EL',582757634),(462,'2015-12-21 00:00:00','EL',586790829),(462,'2015-12-28 00:00:00','EL',589784098),(1166,'2015-10-12 00:00:00','EL',148510458),(1166,'2015-10-19 00:00:00','EL',152174899),(1166,'2015-10-26 00:00:00','EL',160514566),(1166,'2015-11-02 00:00:00','EL',170255900),(1166,'2015-11-09 00:00:00','EL',181672033),(1166,'2015-11-16 00:00:00','EL',192058034),(1166,'2015-11-23 00:00:00','EL',200242229),(1166,'2015-11-30 00:00:00','EL',209142922),(1166,'2015-12-07 00:00:00','EL',213749442),(1166,'2015-12-14 00:00:00','EL',223225725),(1166,'2015-12-21 00:00:00','EL',226563485),(1166,'2015-12-28 00:00:00','EL',229503460),(262,'2015-04-06 00:00:00','EL',387933),(262,'2015-04-13 00:00:00','EL',2035163),(262,'2015-04-20 00:00:00','EL',5410921),(262,'2015-04-27 00:00:00','EL',7799217),(262,'2015-05-04 00:00:00','EL',9435236),(262,'2015-05-11 00:00:00','EL',11663788),(262,'2015-05-18 00:00:00','EL',13625311),(262,'2015-05-25 00:00:00','EL',14181115),(262,'2015-06-01 00:00:00','EL',16609269),(262,'2015-06-08 00:00:00','EL',20431666),(262,'2015-06-15 00:00:00','EL',23004971),(262,'2015-06-22 00:00:00','EL',23904731),(262,'2015-06-29 00:00:00','EL',24598742),(262,'2015-07-06 00:00:00','EL',26070944),(262,'2015-07-13 00:00:00','EL',26534192),(262,'2015-07-20 00:00:00','EL',28332464),(262,'2015-07-27 00:00:00','EL',30652679),(262,'2015-08-03 00:00:00','EL',30974499),(262,'2015-08-10 00:00:00','EL',31871247),(262,'2015-08-17 00:00:00','EL',32167743),(262,'2015-08-24 00:00:00','EL',34181808),(262,'2015-08-31 00:00:00','EL',38423449),(262,'2015-09-07 00:00:00','EL',39379702),(262,'2015-09-14 00:00:00','EL',40238278),(262,'2015-09-21 00:00:00','EL',41864780),(262,'2015-09-28 00:00:00','EL',45479675),(262,'2015-10-05 00:00:00','EL',48009007),(262,'2015-10-12 00:00:00','EL',51166070),(262,'2015-10-19 00:00:00','EL',54354754),(262,'2015-10-26 00:00:00','EL',56189767),(262,'2015-11-02 00:00:00','EL',58115304),(262,'2015-11-09 00:00:00','EL',60358044),(262,'2015-11-16 00:00:00','EL',61282503),(262,'2015-11-23 00:00:00','EL',62497871),(262,'2015-11-30 00:00:00','EL',63861534),(262,'2015-12-07 00:00:00','EL',65156671),(262,'2015-12-14 00:00:00','EL',66299895),(262,'2015-12-21 00:00:00','EL',67923895),(262,'2015-12-28 00:00:00','EL',70413502),(252,'2015-08-31 00:00:00','EL',4096248),(252,'2015-09-07 00:00:00','EL',4140636),(252,'2015-09-14 00:00:00','EL',4506187),(252,'2015-09-21 00:00:00','EL',5435227),(252,'2015-09-28 00:00:00','EL',6751163),(252,'2015-10-05 00:00:00','EL',8073742),(252,'2015-10-12 00:00:00','EL',12274625),(252,'2015-10-19 00:00:00','EL',15203158),(252,'2015-10-26 00:00:00','EL',18229085),(252,'2015-11-02 00:00:00','EL',21653925),(252,'2015-11-09 00:00:00','EL',23696180),(252,'2015-11-16 00:00:00','EL',24473520),(252,'2015-11-23 00:00:00','EL',24730188),(252,'2015-11-30 00:00:00','EL',24730188),(252,'2015-12-07 00:00:00','EL',25028136),(252,'2015-12-14 00:00:00','EL',26276360),(252,'2015-12-21 00:00:00','EL',27429818),(252,'2015-12-28 00:00:00','EL',29510705),(1167,'2015-10-05 00:00:00','EL',1596377),(1167,'2015-10-12 00:00:00','EL',3514888),(1167,'2015-10-19 00:00:00','EL',5312515),(1167,'2015-10-26 00:00:00','EL',8805922),(1167,'2015-11-02 00:00:00','EL',11524031),(1167,'2015-11-09 00:00:00','EL',13511319),(1167,'2015-11-16 00:00:00','EL',15883475),(1167,'2015-11-23 00:00:00','EL',18111892),(1167,'2015-11-30 00:00:00','EL',21745389),(1167,'2015-12-07 00:00:00','EL',24185033),(1167,'2015-12-14 00:00:00','EL',27977125),(1167,'2015-12-21 00:00:00','EL',30567401),(1167,'2015-12-28 00:00:00','EL',32293474),(1173,'2015-09-21 00:00:00','EL',5463036),(1173,'2015-09-28 00:00:00','EL',5876216),(1173,'2015-10-05 00:00:00','EL',6239321),(1173,'2015-10-12 00:00:00','EL',6434050),(1173,'2015-10-19 00:00:00','EL',6663312),(1173,'2015-10-26 00:00:00','EL',6882075),(1173,'2015-11-02 00:00:00','EL',7237969),(1173,'2015-11-09 00:00:00','EL',7601605),(1173,'2015-11-16 00:00:00','EL',8976883),(1173,'2015-11-23 00:00:00','EL',9473703),(1173,'2015-11-30 00:00:00','EL',10258481),(1173,'2015-12-07 00:00:00','EL',10703680),(1173,'2015-12-14 00:00:00','EL',10887899),(1173,'2015-12-21 00:00:00','EL',11159464),(1173,'2015-12-28 00:00:00','EL',12799429),(112,'2015-02-02 00:00:00','EL',111363041),(112,'2015-02-09 00:00:00','EL',116767427),(112,'2015-02-16 00:00:00','EL',126875357),(112,'2015-02-23 00:00:00','EL',132723833),(112,'2015-03-02 00:00:00','EL',137550176),(112,'2015-03-09 00:00:00','EL',140949835),(112,'2015-03-16 00:00:00','EL',143419140),(112,'2015-03-23 00:00:00','EL',145862880),(112,'2015-03-30 00:00:00','EL',148187118),(112,'2015-04-06 00:00:00','EL',156718620),(112,'2015-04-13 00:00:00','EL',161845114),(112,'2015-04-20 00:00:00','EL',163562528),(112,'2015-04-27 00:00:00','EL',164415354),(112,'2015-05-04 00:00:00','EL',168988923),(112,'2015-05-11 00:00:00','EL',169510359),(112,'2015-05-18 00:00:00','EL',170516524),(112,'2015-05-25 00:00:00','EL',176695900),(112,'2015-06-01 00:00:00','EL',188562906),(112,'2015-06-08 00:00:00','EL',194132789),(112,'2015-06-15 00:00:00','EL',195414064),(112,'2015-06-22 00:00:00','EL',197937554),(112,'2015-06-29 00:00:00','EL',200957863),(112,'2015-07-06 00:00:00','EL',204312574),(112,'2015-07-13 00:00:00','EL',207460024),(112,'2015-07-20 00:00:00','EL',218805035),(112,'2015-07-27 00:00:00','EL',221775390),(112,'2015-08-03 00:00:00','EL',230072379),(112,'2015-08-10 00:00:00','EL',232960083),(112,'2015-08-17 00:00:00','EL',235713631),(112,'2015-08-24 00:00:00','EL',245259934),(112,'2015-08-31 00:00:00','EL',247953163),(112,'2015-09-07 00:00:00','EL',253853622),(112,'2015-09-14 00:00:00','EL',258549014),(112,'2015-09-21 00:00:00','EL',260124024),(112,'2015-09-28 00:00:00','EL',260953284),(112,'2015-10-05 00:00:00','EL',263066253),(112,'2015-10-12 00:00:00','EL',265289644),(112,'2015-10-19 00:00:00','EL',265709925),(112,'2015-10-26 00:00:00','EL',272998921),(112,'2015-11-02 00:00:00','EL',274477215),(112,'2015-11-09 00:00:00','EL',278607038),(112,'2015-11-16 00:00:00','EL',281766605),(112,'2015-11-23 00:00:00','EL',284651689),(112,'2015-11-30 00:00:00','EL',288339317),(112,'2015-12-07 00:00:00','EL',291694959),(112,'2015-12-14 00:00:00','EL',298424417),(112,'2015-12-21 00:00:00','EL',303605484),(112,'2015-12-28 00:00:00','EL',305068556),(352,'2015-06-01 00:00:00','EL',6621674),(352,'2015-06-08 00:00:00','EL',7379335),(352,'2015-06-15 00:00:00','EL',7666315),(352,'2015-06-22 00:00:00','EL',7879591),(352,'2015-06-29 00:00:00','EL',8198975),(352,'2015-07-06 00:00:00','EL',8788756),(352,'2015-07-13 00:00:00','EL',9658382),(352,'2015-07-20 00:00:00','EL',11105830),(352,'2015-07-27 00:00:00','EL',13192739),(352,'2015-08-03 00:00:00','EL',15023090),(352,'2015-08-10 00:00:00','EL',15620899),(352,'2015-08-17 00:00:00','EL',16242850),(352,'2015-08-24 00:00:00','EL',16603178),(352,'2015-08-31 00:00:00','EL',17048232),(352,'2015-09-07 00:00:00','EL',18358436),(352,'2015-09-14 00:00:00','EL',18572613),(352,'2015-09-21 00:00:00','EL',18572613),(352,'2015-09-28 00:00:00','EL',19393238),(352,'2015-10-05 00:00:00','EL',19466488),(352,'2015-10-12 00:00:00','EL',19817168),(352,'2015-10-19 00:00:00','EL',19940841),(352,'2015-10-26 00:00:00','EL',20323101),(352,'2015-11-02 00:00:00','EL',20525990),(352,'2015-11-09 00:00:00','EL',20727373),(352,'2015-11-16 00:00:00','EL',20868472),(352,'2015-11-23 00:00:00','EL',20868472),(352,'2015-11-30 00:00:00','EL',20987732),(352,'2015-12-07 00:00:00','EL',20987732),(352,'2015-12-14 00:00:00','EL',20987732),(352,'2015-12-21 00:00:00','EL',21015476),(352,'2015-12-28 00:00:00','EL',22295504),(102,'2015-02-02 00:00:00','EL',46957890),(102,'2015-02-09 00:00:00','EL',50594560),(102,'2015-02-16 00:00:00','EL',55876450),(102,'2015-02-23 00:00:00','EL',62220449),(102,'2015-03-02 00:00:00','EL',68753272),(102,'2015-03-09 00:00:00','EL',74840760),(102,'2015-03-16 00:00:00','EL',81386345),(102,'2015-03-23 00:00:00','EL',87731674),(102,'2015-03-30 00:00:00','EL',94442472),(102,'2015-04-06 00:00:00','EL',100305867),(102,'2015-04-13 00:00:00','EL',108264611),(102,'2015-04-20 00:00:00','EL',113345705),(102,'2015-04-27 00:00:00','EL',119353854),(102,'2015-05-04 00:00:00','EL',125468980),(102,'2015-05-11 00:00:00','EL',136000816),(102,'2015-05-18 00:00:00','EL',146178065),(102,'2015-05-25 00:00:00','EL',151655454),(102,'2015-06-01 00:00:00','EL',162065018),(102,'2015-06-08 00:00:00','EL',168755857),(102,'2015-06-15 00:00:00','EL',172408876),(102,'2015-06-22 00:00:00','EL',175858763),(102,'2015-06-29 00:00:00','EL',181035644),(102,'2015-07-06 00:00:00','EL',183680889),(102,'2015-07-13 00:00:00','EL',187131044),(102,'2015-07-20 00:00:00','EL',189532345),(102,'2015-07-27 00:00:00','EL',192724706),(102,'2015-08-03 00:00:00','EL',197386302),(102,'2015-08-10 00:00:00','EL',200103916),(102,'2015-08-17 00:00:00','EL',201980866),(102,'2015-08-24 00:00:00','EL',207446809),(102,'2015-08-31 00:00:00','EL',211743082),(102,'2015-09-07 00:00:00','EL',214088902),(102,'2015-09-14 00:00:00','EL',218895020),(102,'2015-09-21 00:00:00','EL',222408331),(102,'2015-09-28 00:00:00','EL',223818172),(102,'2015-10-05 00:00:00','EL',227647330),(102,'2015-10-12 00:00:00','EL',233719273),(102,'2015-10-19 00:00:00','EL',238877724),(102,'2015-10-26 00:00:00','EL',239892098),(102,'2015-11-02 00:00:00','EL',240306324),(102,'2015-11-09 00:00:00','EL',242908387),(102,'2015-11-16 00:00:00','EL',244478513),(102,'2015-11-23 00:00:00','EL',248910297),(102,'2015-11-30 00:00:00','EL',250277591),(102,'2015-12-07 00:00:00','EL',251808550),(102,'2015-12-14 00:00:00','EL',253014993),(102,'2015-12-21 00:00:00','EL',256676431),(102,'2015-12-28 00:00:00','EL',257863550),(172,'2015-02-02 00:00:00','EL',33931520),(172,'2015-02-09 00:00:00','EL',36587211),(172,'2015-02-16 00:00:00','EL',38018860),(172,'2015-02-23 00:00:00','EL',39005851),(172,'2015-03-02 00:00:00','EL',39383081),(172,'2015-03-09 00:00:00','EL',40391716),(172,'2015-03-16 00:00:00','EL',42419707),(172,'2015-03-23 00:00:00','EL',44826463),(172,'2015-03-30 00:00:00','EL',46390784),(172,'2015-04-06 00:00:00','EL',50537346),(172,'2015-04-13 00:00:00','EL',53177531),(172,'2015-04-20 00:00:00','EL',53820865),(172,'2015-04-27 00:00:00','EL',58455207),(172,'2015-05-04 00:00:00','EL',60303835),(172,'2015-05-11 00:00:00','EL',61746320),(172,'2015-05-18 00:00:00','EL',63709349),(172,'2015-05-25 00:00:00','EL',65658065),(172,'2015-06-01 00:00:00','EL',67599984),(172,'2015-06-08 00:00:00','EL',68799421),(172,'2015-06-15 00:00:00','EL',70557888),(172,'2015-06-22 00:00:00','EL',72327765),(172,'2015-06-29 00:00:00','EL',79208830),(172,'2015-07-06 00:00:00','EL',85031942),(172,'2015-07-13 00:00:00','EL',91114078),(172,'2015-07-20 00:00:00','EL',101466174),(172,'2015-07-27 00:00:00','EL',104817908),(172,'2015-08-03 00:00:00','EL',114505373),(172,'2015-08-10 00:00:00','EL',118751395),(172,'2015-08-17 00:00:00','EL',120457353),(172,'2015-08-24 00:00:00','EL',121961958),(172,'2015-08-31 00:00:00','EL',124780021),(172,'2015-09-07 00:00:00','EL',126028504),(172,'2015-09-14 00:00:00','EL',129177313),(172,'2015-09-21 00:00:00','EL',132077088),(172,'2015-09-28 00:00:00','EL',132905246),(172,'2015-10-05 00:00:00','EL',133156214),(172,'2015-10-12 00:00:00','EL',135335340),(172,'2015-10-19 00:00:00','EL',136672892),(172,'2015-10-26 00:00:00','EL',136956235),(172,'2015-11-02 00:00:00','EL',137729852),(172,'2015-11-09 00:00:00','EL',138047022),(172,'2015-11-16 00:00:00','EL',138047022),(172,'2015-11-23 00:00:00','EL',138047022),(172,'2015-11-30 00:00:00','EL',138413799),(172,'2015-12-07 00:00:00','EL',138612900),(172,'2015-12-14 00:00:00','EL',139331827),(172,'2015-12-21 00:00:00','EL',139537608),(172,'2015-12-28 00:00:00','EL',140684813),(312,'2015-08-10 00:00:00','EL',134369),(312,'2015-08-17 00:00:00','EL',1340720),(312,'2015-08-24 00:00:00','EL',3915267),(312,'2015-08-31 00:00:00','EL',5405883),(312,'2015-09-07 00:00:00','EL',6716379),(312,'2015-09-14 00:00:00','EL',7551978),(312,'2015-09-21 00:00:00','EL',8052053),(312,'2015-09-28 00:00:00','EL',9884995),(312,'2015-10-05 00:00:00','EL',11302273),(312,'2015-10-12 00:00:00','EL',12369137),(312,'2015-10-19 00:00:00','EL',13247562),(312,'2015-10-26 00:00:00','EL',17088499),(312,'2015-11-02 00:00:00','EL',21003165),(312,'2015-11-09 00:00:00','EL',26303184),(312,'2015-11-16 00:00:00','EL',28250412),(312,'2015-11-23 00:00:00','EL',32764542),(312,'2015-11-30 00:00:00','EL',35436509),(312,'2015-12-07 00:00:00','EL',39242114),(312,'2015-12-14 00:00:00','EL',43988194),(312,'2015-12-21 00:00:00','EL',45352425),(312,'2015-12-28 00:00:00','EL',46443281),(122,'2015-02-02 00:00:00','EL',187136874),(122,'2015-02-09 00:00:00','EL',190470112),(122,'2015-02-16 00:00:00','EL',202104062),(122,'2015-02-23 00:00:00','EL',215416602),(122,'2015-03-02 00:00:00','EL',226188421),(122,'2015-03-09 00:00:00','EL',232240198),(122,'2015-03-16 00:00:00','EL',238758042),(122,'2015-03-23 00:00:00','EL',251352691),(122,'2015-03-30 00:00:00','EL',267882859),(122,'2015-04-06 00:00:00','EL',280061136),(122,'2015-04-13 00:00:00','EL',291538626),(122,'2015-04-20 00:00:00','EL',302775776),(122,'2015-04-27 00:00:00','EL',314604239),(122,'2015-05-04 00:00:00','EL',323306201),(122,'2015-05-11 00:00:00','EL',339445577),(122,'2015-05-18 00:00:00','EL',350154440),(122,'2015-05-25 00:00:00','EL',365461973),(122,'2015-06-01 00:00:00','EL',385919003),(122,'2015-06-08 00:00:00','EL',399154260),(122,'2015-06-15 00:00:00','EL',415316020),(122,'2015-06-22 00:00:00','EL',431702796),(122,'2015-06-29 00:00:00','EL',452815259),(122,'2015-07-06 00:00:00','EL',463793581),(122,'2015-07-13 00:00:00','EL',476582562),(122,'2015-07-20 00:00:00','EL',495350765),(122,'2015-07-27 00:00:00','EL',505981795),(122,'2015-08-03 00:00:00','EL',527566278),(122,'2015-08-10 00:00:00','EL',546816690),(122,'2015-08-17 00:00:00','EL',546817690),(122,'2015-08-24 00:00:00','EL',546817690),(122,'2015-08-31 00:00:00','EL',546817690),(122,'2015-09-07 00:00:00','EL',546894443),(122,'2015-09-14 00:00:00','EL',547727232),(122,'2015-09-21 00:00:00','EL',551959478),(122,'2015-09-28 00:00:00','EL',552230702),(122,'2015-10-05 00:00:00','EL',552230702),(122,'2015-10-12 00:00:00','EL',552557003),(122,'2015-10-19 00:00:00','EL',553130843),(122,'2015-10-26 00:00:00','EL',554892237),(122,'2015-11-02 00:00:00','EL',557072155),(122,'2015-11-09 00:00:00','EL',557333770),(122,'2015-11-16 00:00:00','EL',565437630),(122,'2015-11-23 00:00:00','EL',597737832),(122,'2015-11-30 00:00:00','EL',600276076),(122,'2015-12-07 00:00:00','EL',603458357),(122,'2015-12-14 00:00:00','EL',606998092),(122,'2015-12-21 00:00:00','EL',607480820),(122,'2015-12-28 00:00:00','EL',608300552),(1172,'2015-11-30 00:00:00','EL',3212884),(1172,'2015-12-07 00:00:00','EL',4440151),(1172,'2015-12-14 00:00:00','EL',5444331),(1172,'2015-12-21 00:00:00','EL',5690175),(1172,'2015-12-28 00:00:00','EL',6198514),(62,'2015-02-02 00:00:00','EL',215562947),(62,'2015-02-09 00:00:00','EL',225861230),(62,'2015-02-16 00:00:00','EL',238575406),(62,'2015-02-23 00:00:00','EL',254247482),(62,'2015-03-02 00:00:00','EL',262210357),(62,'2015-03-09 00:00:00','EL',275215507),(62,'2015-03-16 00:00:00','EL',284634123),(62,'2015-03-23 00:00:00','EL',300195955),(62,'2015-03-30 00:00:00','EL',301286473),(62,'2015-04-06 00:00:00','EL',306014742),(62,'2015-04-13 00:00:00','EL',309660425),(62,'2015-04-20 00:00:00','EL',311022754),(62,'2015-04-27 00:00:00','EL',313402884),(62,'2015-05-04 00:00:00','EL',314553854),(62,'2015-05-11 00:00:00','EL',315429448),(62,'2015-05-18 00:00:00','EL',315511047),(62,'2015-05-25 00:00:00','EL',315539796),(62,'2015-06-01 00:00:00','EL',315539796),(62,'2015-06-08 00:00:00','EL',321236779),(62,'2015-06-15 00:00:00','EL',322287516),(62,'2015-06-22 00:00:00','EL',324340943),(62,'2015-06-29 00:00:00','EL',324340943),(62,'2015-07-06 00:00:00','EL',325427627),(62,'2015-07-13 00:00:00','EL',325596337),(62,'2015-07-20 00:00:00','EL',326291699),(62,'2015-07-27 00:00:00','EL',328540518),(62,'2015-08-03 00:00:00','EL',329383158),(62,'2015-08-10 00:00:00','EL',333701397),(62,'2015-08-17 00:00:00','EL',334718838),(62,'2015-08-24 00:00:00','EL',338738074),(62,'2015-08-31 00:00:00','EL',338884681),(62,'2015-09-07 00:00:00','EL',338884681),(62,'2015-09-14 00:00:00','EL',338897661),(62,'2015-09-21 00:00:00','EL',339201543),(62,'2015-09-28 00:00:00','EL',339203543),(62,'2015-10-05 00:00:00','EL',339390164),(62,'2015-10-12 00:00:00','EL',339390164),(62,'2015-10-19 00:00:00','EL',339461006),(62,'2015-10-26 00:00:00','EL',339461006),(62,'2015-11-02 00:00:00','EL',339461006),(62,'2015-11-09 00:00:00','EL',339461006),(62,'2015-11-16 00:00:00','EL',339461006),(62,'2015-11-23 00:00:00','EL',339461006),(62,'2015-11-30 00:00:00','EL',339461006),(62,'2015-12-07 00:00:00','EL',339461006),(62,'2015-12-14 00:00:00','EL',339708343),(62,'2015-12-21 00:00:00','EL',339815572),(62,'2015-12-28 00:00:00','EL',340292670),(1168,'2015-12-14 00:00:00','EL',63808878),(1168,'2015-12-21 00:00:00','EL',64359352),(1168,'2015-12-28 00:00:00','EL',64814514),(142,'2015-07-13 00:00:00','EL',16265521),(142,'2015-07-20 00:00:00','EL',17857411),(142,'2015-07-27 00:00:00','EL',20110334),(142,'2015-08-03 00:00:00','EL',21692341),(142,'2015-08-10 00:00:00','EL',22435881),(142,'2015-08-17 00:00:00','EL',23585218),(142,'2015-08-24 00:00:00','EL',23985156),(142,'2015-08-31 00:00:00','EL',25333337),(142,'2015-09-07 00:00:00','EL',26712923),(142,'2015-09-14 00:00:00','EL',27407078),(142,'2015-09-21 00:00:00','EL',28501113),(142,'2015-09-28 00:00:00','EL',28924715),(142,'2015-10-05 00:00:00','EL',29984826),(142,'2015-10-12 00:00:00','EL',31342743),(142,'2015-10-19 00:00:00','EL',33157834),(142,'2015-10-26 00:00:00','EL',33967761),(142,'2015-11-02 00:00:00','EL',35789568),(142,'2015-11-09 00:00:00','EL',37800205),(142,'2015-11-16 00:00:00','EL',39024715),(142,'2015-11-23 00:00:00','EL',39537368),(142,'2015-11-30 00:00:00','EL',42551038),(142,'2015-12-07 00:00:00','EL',44677977),(142,'2015-12-14 00:00:00','EL',45391375),(142,'2015-12-21 00:00:00','EL',46771561),(142,'2015-12-28 00:00:00','EL',47152297),(242,'2015-06-29 00:00:00','EL',203939962),(242,'2015-07-06 00:00:00','EL',209658198),(242,'2015-07-13 00:00:00','EL',215209622),(242,'2015-07-20 00:00:00','EL',216452229),(242,'2015-07-27 00:00:00','EL',217979459),(242,'2015-08-03 00:00:00','EL',219628641),(242,'2015-08-10 00:00:00','EL',220311592),(242,'2015-08-17 00:00:00','EL',223497853),(242,'2015-08-24 00:00:00','EL',224576132),(242,'2015-08-31 00:00:00','EL',228523081),(242,'2015-09-07 00:00:00','EL',232624685),(242,'2015-09-14 00:00:00','EL',238176109),(242,'2015-09-21 00:00:00','EL',244350507),(242,'2015-09-28 00:00:00','EL',250030723),(242,'2015-10-05 00:00:00','EL',253377416),(242,'2015-10-12 00:00:00','EL',255761304),(242,'2015-10-19 00:00:00','EL',256591118),(242,'2015-10-26 00:00:00','EL',257997932),(242,'2015-11-02 00:00:00','EL',258384376),(242,'2015-11-09 00:00:00','EL',260038294),(242,'2015-11-16 00:00:00','EL',260402683),(242,'2015-11-23 00:00:00','EL',263685846),(242,'2015-11-30 00:00:00','EL',266352281),(242,'2015-12-07 00:00:00','EL',268380411),(242,'2015-12-14 00:00:00','EL',268855745),(242,'2015-12-21 00:00:00','EL',269004792),(242,'2015-12-28 00:00:00','EL',269226620),(1169,'2015-12-21 00:00:00','EL',87473349),(1169,'2015-12-28 00:00:00','EL',87676133),(222,'2015-02-02 00:00:00','EL',9446525),(222,'2015-02-09 00:00:00','EL',11870678),(222,'2015-02-16 00:00:00','EL',13862718),(222,'2015-02-23 00:00:00','EL',15397041),(222,'2015-03-02 00:00:00','EL',16557140),(222,'2015-03-09 00:00:00','EL',18657277),(222,'2015-03-16 00:00:00','EL',20650686),(222,'2015-03-23 00:00:00','EL',22573988),(222,'2015-03-30 00:00:00','EL',25122043),(222,'2015-04-06 00:00:00','EL',30918717),(222,'2015-04-13 00:00:00','EL',31457834),(222,'2015-04-20 00:00:00','EL',34095361),(222,'2015-04-27 00:00:00','EL',34332935),(222,'2015-05-04 00:00:00','EL',34703194),(222,'2015-05-11 00:00:00','EL',35770911),(222,'2015-05-18 00:00:00','EL',35956237),(222,'2015-05-25 00:00:00','EL',36914132),(222,'2015-06-01 00:00:00','EL',37550613),(222,'2015-06-08 00:00:00','EL',38441048),(222,'2015-06-15 00:00:00','EL',39209199),(222,'2015-06-22 00:00:00','EL',39872095),(222,'2015-06-29 00:00:00','EL',39872095),(222,'2015-07-06 00:00:00','EL',39872095),(222,'2015-07-13 00:00:00','EL',40299713),(222,'2015-07-20 00:00:00','EL',41408607),(222,'2015-07-27 00:00:00','EL',41408607),(222,'2015-08-03 00:00:00','EL',41408607),(222,'2015-08-10 00:00:00','EL',41408607),(222,'2015-08-17 00:00:00','EL',41408607),(222,'2015-08-24 00:00:00','EL',41698993),(222,'2015-08-31 00:00:00','EL',42030825),(222,'2015-09-07 00:00:00','EL',42511421),(222,'2015-09-14 00:00:00','EL',42765190),(222,'2015-09-21 00:00:00','EL',42899639),(222,'2015-09-28 00:00:00','EL',43181750),(222,'2015-10-05 00:00:00','EL',43422381),(222,'2015-10-12 00:00:00','EL',43723606),(222,'2015-10-19 00:00:00','EL',43758158),(222,'2015-10-26 00:00:00','EL',43864372),(222,'2015-11-02 00:00:00','EL',44139236),(222,'2015-11-09 00:00:00','EL',44378118),(222,'2015-11-16 00:00:00','EL',44523662),(222,'2015-11-23 00:00:00','EL',44589710),(222,'2015-11-30 00:00:00','EL',44792951),(222,'2015-12-07 00:00:00','EL',44885301),(222,'2015-12-14 00:00:00','EL',45037107),(222,'2015-12-21 00:00:00','EL',45313673),(222,'2015-12-28 00:00:00','EL',45515673),(132,'2015-02-02 00:00:00','EL',110562339),(132,'2015-02-09 00:00:00','EL',118965894),(132,'2015-02-16 00:00:00','EL',124793569),(132,'2015-02-23 00:00:00','EL',135548307),(132,'2015-03-02 00:00:00','EL',142813028),(132,'2015-03-09 00:00:00','EL',144818486),(132,'2015-03-16 00:00:00','EL',145322783),(132,'2015-03-23 00:00:00','EL',146670847),(132,'2015-03-30 00:00:00','EL',148671723),(132,'2015-04-06 00:00:00','EL',152900157),(132,'2015-04-13 00:00:00','EL',153700227),(132,'2015-04-20 00:00:00','EL',154691970),(132,'2015-04-27 00:00:00','EL',154980866),(132,'2015-05-04 00:00:00','EL',157522156),(132,'2015-05-11 00:00:00','EL',158881451),(132,'2015-05-18 00:00:00','EL',163681393),(132,'2015-05-25 00:00:00','EL',164993492),(132,'2015-06-01 00:00:00','EL',166458710),(132,'2015-06-08 00:00:00','EL',167681002),(132,'2015-06-15 00:00:00','EL',168121506),(132,'2015-06-22 00:00:00','EL',168602207),(132,'2015-06-29 00:00:00','EL',170301574),(132,'2015-07-06 00:00:00','EL',171586701),(132,'2015-07-13 00:00:00','EL',174944539),(132,'2015-07-20 00:00:00','EL',177509718),(132,'2015-07-27 00:00:00','EL',180123063),(132,'2015-08-03 00:00:00','EL',184216019),(132,'2015-08-10 00:00:00','EL',186152452),(132,'2015-08-17 00:00:00','EL',187098285),(132,'2015-08-24 00:00:00','EL',187098285),(132,'2015-08-31 00:00:00','EL',187930461),(132,'2015-09-07 00:00:00','EL',188468716),(132,'2015-09-14 00:00:00','EL',189302514),(132,'2015-09-21 00:00:00','EL',189804447),(132,'2015-09-28 00:00:00','EL',190539416),(132,'2015-10-05 00:00:00','EL',190708015),(132,'2015-10-12 00:00:00','EL',190958586),(132,'2015-10-19 00:00:00','EL',190958586),(132,'2015-10-26 00:00:00','EL',190958586),(132,'2015-11-02 00:00:00','EL',191871656),(132,'2015-11-09 00:00:00','EL',192921762),(132,'2015-11-16 00:00:00','EL',193377832),(132,'2015-11-23 00:00:00','EL',194154533),(132,'2015-11-30 00:00:00','EL',194346231),(132,'2015-12-07 00:00:00','EL',194385685),(132,'2015-12-14 00:00:00','EL',195852177),(132,'2015-12-21 00:00:00','EL',196281662),(132,'2015-12-28 00:00:00','EL',196467571),(162,'2015-10-19 00:00:00','EL',190939834),(162,'2015-10-26 00:00:00','EL',195942986),(162,'2015-11-02 00:00:00','EL',201678252),(162,'2015-11-09 00:00:00','EL',204574465),(162,'2015-11-16 00:00:00','EL',208229219),(162,'2015-11-23 00:00:00','EL',210576624),(162,'2015-11-30 00:00:00','EL',213377326),(162,'2015-12-07 00:00:00','EL',213705540),(162,'2015-12-14 00:00:00','EL',214363262),(162,'2015-12-21 00:00:00','EL',214760410),(162,'2015-12-28 00:00:00','EL',214918410),(302,'2015-02-02 00:00:00','EL',19048002),(302,'2015-02-09 00:00:00','EL',21840496),(302,'2015-02-16 00:00:00','EL',22695941),(302,'2015-02-23 00:00:00','EL',23857429),(302,'2015-03-02 00:00:00','EL',28623660),(302,'2015-03-09 00:00:00','EL',31899292),(302,'2015-03-16 00:00:00','EL',34766901),(302,'2015-03-23 00:00:00','EL',37851656),(302,'2015-03-30 00:00:00','EL',41761026),(302,'2015-04-06 00:00:00','EL',45921382),(302,'2015-04-13 00:00:00','EL',47585142),(302,'2015-04-20 00:00:00','EL',50248104),(302,'2015-04-27 00:00:00','EL',51828530),(302,'2015-05-04 00:00:00','EL',52891969),(302,'2015-05-11 00:00:00','EL',54150902),(302,'2015-05-18 00:00:00','EL',58291619),(302,'2015-05-25 00:00:00','EL',60764510),(302,'2015-06-01 00:00:00','EL',62753671),(302,'2015-06-08 00:00:00','EL',64426671),(302,'2015-06-15 00:00:00','EL',64676444),(302,'2015-06-22 00:00:00','EL',65302554),(302,'2015-06-29 00:00:00','EL',68580819),(302,'2015-07-06 00:00:00','EL',70786396),(302,'2015-07-13 00:00:00','EL',70786499),(302,'2015-07-20 00:00:00','EL',70786499),(302,'2015-07-27 00:00:00','EL',70786499),(302,'2015-08-03 00:00:00','EL',71794321),(302,'2015-08-10 00:00:00','EL',73461493),(302,'2015-08-17 00:00:00','EL',74004296),(302,'2015-08-24 00:00:00','EL',74285488),(302,'2015-08-31 00:00:00','EL',74614216),(302,'2015-09-07 00:00:00','EL',75240176),(302,'2015-09-14 00:00:00','EL',77211103),(302,'2015-09-21 00:00:00','EL',79507600),(302,'2015-09-28 00:00:00','EL',81387822),(302,'2015-10-05 00:00:00','EL',82590523),(302,'2015-10-12 00:00:00','EL',83633563),(302,'2015-10-19 00:00:00','EL',83688348),(302,'2015-10-26 00:00:00','EL',84606948),(302,'2015-11-02 00:00:00','EL',84767303),(302,'2015-11-09 00:00:00','EL',84783635),(302,'2015-11-16 00:00:00','EL',84872077),(302,'2015-11-23 00:00:00','EL',84872077),(302,'2015-11-30 00:00:00','EL',84872077),(302,'2015-12-07 00:00:00','EL',84872077),(302,'2015-12-14 00:00:00','EL',84872077),(302,'2015-12-21 00:00:00','EL',84872077),(302,'2015-12-28 00:00:00','EL',85021272),(322,'2015-03-30 00:00:00','EL',4408713),(322,'2015-04-06 00:00:00','EL',4533481),(322,'2015-04-13 00:00:00','EL',4533481),(322,'2015-04-20 00:00:00','EL',4684681),(322,'2015-04-27 00:00:00','EL',4692233),(322,'2015-05-04 00:00:00','EL',5375681),(322,'2015-05-11 00:00:00','EL',5375681),(322,'2015-05-18 00:00:00','EL',5606831),(322,'2015-05-25 00:00:00','EL',5726466),(322,'2015-06-01 00:00:00','EL',6420094),(322,'2015-06-08 00:00:00','EL',6718853),(322,'2015-06-15 00:00:00','EL',6796853),(322,'2015-06-22 00:00:00','EL',6796853),(322,'2015-06-29 00:00:00','EL',7363685),(322,'2015-07-06 00:00:00','EL',7416265),(322,'2015-07-13 00:00:00','EL',7491265),(322,'2015-07-20 00:00:00','EL',7578664),(322,'2015-07-27 00:00:00','EL',7645664),(322,'2015-08-03 00:00:00','EL',7883782),(322,'2015-08-10 00:00:00','EL',7892282),(322,'2015-08-17 00:00:00','EL',7984282),(322,'2015-08-24 00:00:00','EL',8283044),(322,'2015-08-31 00:00:00','EL',8631584),(322,'2015-09-07 00:00:00','EL',9028984),(322,'2015-09-14 00:00:00','EL',9261315),(322,'2015-09-21 00:00:00','EL',9490494),(322,'2015-09-28 00:00:00','EL',9490494),(322,'2015-10-05 00:00:00','EL',9490494),(322,'2015-10-12 00:00:00','EL',9797406),(322,'2015-10-19 00:00:00','EL',9797406),(322,'2015-10-26 00:00:00','EL',9797406),(322,'2015-11-02 00:00:00','EL',9797406),(322,'2015-11-09 00:00:00','EL',9797406),(322,'2015-11-16 00:00:00','EL',10373834),(322,'2015-11-23 00:00:00','EL',10494175),(322,'2015-11-30 00:00:00','EL',10597175),(322,'2015-12-07 00:00:00','EL',10935802),(322,'2015-12-14 00:00:00','EL',11266590),(322,'2015-12-21 00:00:00','EL',11579754),(322,'2015-12-28 00:00:00','EL',11679254),(292,'2015-02-02 00:00:00','EL',86832556),(292,'2015-02-09 00:00:00','EL',87049131),(292,'2015-02-16 00:00:00','EL',91794566),(292,'2015-02-23 00:00:00','EL',94081354),(292,'2015-03-02 00:00:00','EL',97165533),(292,'2015-03-09 00:00:00','EL',98763732),(292,'2015-03-16 00:00:00','EL',101392767),(292,'2015-03-23 00:00:00','EL',102893576),(292,'2015-03-30 00:00:00','EL',108268862),(292,'2015-04-06 00:00:00','EL',110455212),(292,'2015-04-13 00:00:00','EL',112109445),(292,'2015-04-20 00:00:00','EL',113529683),(292,'2015-04-27 00:00:00','EL',114720870),(292,'2015-05-04 00:00:00','EL',116533186),(292,'2015-05-11 00:00:00','EL',118778126),(292,'2015-05-18 00:00:00','EL',119689277),(292,'2015-05-25 00:00:00','EL',123102296),(292,'2015-06-01 00:00:00','EL',126820991),(292,'2015-06-08 00:00:00','EL',129061012),(292,'2015-06-15 00:00:00','EL',131730682),(292,'2015-06-22 00:00:00','EL',135695716),(292,'2015-06-29 00:00:00','EL',137682461),(292,'2015-07-06 00:00:00','EL',138432342),(292,'2015-07-13 00:00:00','EL',139021366),(292,'2015-07-20 00:00:00','EL',139808411),(292,'2015-07-27 00:00:00','EL',140069187),(292,'2015-08-03 00:00:00','EL',140069187),(292,'2015-08-10 00:00:00','EL',140836250),(292,'2015-08-17 00:00:00','EL',141148459),(292,'2015-08-24 00:00:00','EL',141544914),(292,'2015-08-31 00:00:00','EL',141695580),(292,'2015-09-07 00:00:00','EL',141696586),(292,'2015-09-14 00:00:00','EL',141696586),(292,'2015-09-21 00:00:00','EL',141696586),(292,'2015-09-28 00:00:00','EL',141696586),(292,'2015-10-05 00:00:00','EL',141792512),(292,'2015-10-12 00:00:00','EL',141792512),(292,'2015-10-19 00:00:00','EL',141853937),(292,'2015-10-26 00:00:00','EL',141853937),(292,'2015-11-02 00:00:00','EL',141853937),(292,'2015-11-09 00:00:00','EL',141855509),(292,'2015-11-16 00:00:00','EL',141855509),(292,'2015-11-23 00:00:00','EL',141855509),(292,'2015-11-30 00:00:00','EL',143985346),(292,'2015-12-07 00:00:00','EL',146509360),(292,'2015-12-14 00:00:00','EL',147287312),(292,'2015-12-21 00:00:00','EL',147564969),(292,'2015-12-28 00:00:00','EL',147627448),(332,'2015-09-07 00:00:00','EL',3648231),(332,'2015-09-14 00:00:00','EL',3865819),(332,'2015-09-21 00:00:00','EL',4007819),(332,'2015-09-28 00:00:00','EL',4228479),(332,'2015-10-05 00:00:00','EL',4228479),(332,'2015-10-12 00:00:00','EL',4389479),(332,'2015-10-19 00:00:00','EL',4665816),(332,'2015-10-26 00:00:00','EL',4854809),(332,'2015-11-02 00:00:00','EL',4991044),(332,'2015-11-09 00:00:00','EL',5165803),(332,'2015-11-16 00:00:00','EL',5775323),(332,'2015-11-23 00:00:00','EL',5981723),(332,'2015-11-30 00:00:00','EL',6088723),(332,'2015-12-07 00:00:00','EL',6198723),(332,'2015-12-14 00:00:00','EL',6271723),(332,'2015-12-21 00:00:00','EL',6548901),(332,'2015-12-28 00:00:00','EL',6575901),(1175,'2015-12-21 00:00:00','EL',33427),(1175,'2015-12-28 00:00:00','EL',33447),(22,'2015-02-16 00:00:00','EL',204884988),(22,'2015-02-23 00:00:00','EL',216864038),(22,'2015-03-02 00:00:00','EL',218261160),(22,'2015-03-09 00:00:00','EL',223167195),(22,'2015-03-16 00:00:00','EL',225963646),(22,'2015-03-23 00:00:00','EL',234664886),(22,'2015-03-30 00:00:00','EL',245386800),(22,'2015-04-06 00:00:00','EL',251875619),(22,'2015-04-13 00:00:00','EL',258205338),(22,'2015-04-20 00:00:00','EL',261823886),(22,'2015-04-27 00:00:00','EL',263485432),(22,'2015-05-04 00:00:00','EL',267244619),(22,'2015-05-11 00:00:00','EL',270128675),(22,'2015-05-18 00:00:00','EL',274757692),(22,'2015-05-25 00:00:00','EL',275768986),(22,'2015-06-01 00:00:00','EL',276165043),(22,'2015-06-08 00:00:00','EL',276165043),(22,'2015-06-15 00:00:00','EL',276166043),(22,'2015-06-22 00:00:00','EL',276658129),(22,'2015-06-29 00:00:00','EL',278836636),(22,'2015-07-06 00:00:00','EL',278836636),(22,'2015-07-13 00:00:00','EL',281292591),(22,'2015-07-20 00:00:00','EL',287811334),(22,'2015-07-27 00:00:00','EL',289665879),(22,'2015-08-03 00:00:00','EL',306833402),(22,'2015-08-10 00:00:00','EL',326102810),(22,'2015-08-17 00:00:00','EL',326517646),(22,'2015-08-24 00:00:00','EL',328947138),(22,'2015-08-31 00:00:00','EL',330904014),(22,'2015-09-07 00:00:00','EL',331095175),(22,'2015-09-14 00:00:00','EL',331228935),(22,'2015-09-21 00:00:00','EL',331505951),(22,'2015-09-28 00:00:00','EL',331613029),(22,'2015-10-05 00:00:00','EL',334261524),(22,'2015-10-12 00:00:00','EL',338034590),(22,'2015-10-19 00:00:00','EL',338590577),(22,'2015-10-26 00:00:00','EL',340165845),(22,'2015-11-02 00:00:00','EL',341289759),(22,'2015-11-09 00:00:00','EL',341373232),(22,'2015-11-16 00:00:00','EL',341938306),(22,'2015-11-23 00:00:00','EL',342021838),(22,'2015-11-30 00:00:00','EL',342021838),(22,'2015-12-07 00:00:00','EL',342021838),(22,'2015-12-14 00:00:00','EL',348513412),(22,'2015-12-21 00:00:00','EL',349350489),(22,'2015-12-28 00:00:00','EL',349350489),(1164,'2015-11-02 00:00:00','EL',35267549),(1164,'2015-11-09 00:00:00','EL',35713164),(1164,'2015-11-16 00:00:00','EL',36117211),(1164,'2015-11-23 00:00:00','EL',36504212),(1164,'2015-11-30 00:00:00','EL',36932946),(1164,'2015-12-07 00:00:00','EL',37236141),(1164,'2015-12-14 00:00:00','EL',37503846),(1164,'2015-12-21 00:00:00','EL',37587457),(1164,'2015-12-28 00:00:00','EL',37587457),(372,'2015-04-20 00:00:00','EL',19500),(372,'2015-04-27 00:00:00','EL',30564),(372,'2015-05-04 00:00:00','EL',33780),(372,'2015-05-11 00:00:00','EL',33956),(372,'2015-05-18 00:00:00','EL',34616),(372,'2015-05-25 00:00:00','EL',59616),(372,'2015-06-01 00:00:00','EL',80638),(372,'2015-06-08 00:00:00','EL',106004),(372,'2015-06-15 00:00:00','EL',150514),(372,'2015-06-22 00:00:00','EL',150514),(372,'2015-06-29 00:00:00','EL',153043),(372,'2015-07-06 00:00:00','EL',153043),(372,'2015-07-13 00:00:00','EL',328199),(372,'2015-07-20 00:00:00','EL',374866),(372,'2015-07-27 00:00:00','EL',374866),(372,'2015-08-03 00:00:00','EL',374866),(372,'2015-08-10 00:00:00','EL',374866),(372,'2015-08-17 00:00:00','EL',374866),(372,'2015-08-24 00:00:00','EL',374866),(372,'2015-08-31 00:00:00','EL',394922),(372,'2015-09-07 00:00:00','EL',404553),(372,'2015-09-14 00:00:00','EL',443623),(372,'2015-09-21 00:00:00','EL',462868),(372,'2015-09-28 00:00:00','EL',464058),(372,'2015-10-05 00:00:00','EL',464058),(372,'2015-10-12 00:00:00','EL',464058),(372,'2015-10-19 00:00:00','EL',464058),(372,'2015-10-26 00:00:00','EL',474414),(372,'2015-11-02 00:00:00','EL',544414),(372,'2015-11-09 00:00:00','EL',544414),(372,'2015-11-16 00:00:00','EL',544414),(372,'2015-11-23 00:00:00','EL',1146060),(372,'2015-11-30 00:00:00','EL',2610662),(372,'2015-12-07 00:00:00','EL',3560145),(372,'2015-12-14 00:00:00','EL',3581369),(372,'2015-12-21 00:00:00','EL',3581369),(372,'2015-12-28 00:00:00','EL',3581369),(442,'2015-06-15 00:00:00','EL',209196),(442,'2015-06-22 00:00:00','EL',438958),(442,'2015-06-29 00:00:00','EL',753218),(442,'2015-07-06 00:00:00','EL',968101),(442,'2015-07-13 00:00:00','EL',968101),(442,'2015-07-20 00:00:00','EL',1004120),(442,'2015-07-27 00:00:00','EL',1004120),(442,'2015-08-03 00:00:00','EL',1004120),(442,'2015-08-10 00:00:00','EL',1004120),(442,'2015-08-17 00:00:00','EL',1004120),(442,'2015-08-24 00:00:00','EL',1004120),(442,'2015-08-31 00:00:00','EL',1004120),(442,'2015-09-07 00:00:00','EL',1004120),(442,'2015-09-14 00:00:00','EL',1084959),(442,'2015-09-21 00:00:00','EL',1084959),(442,'2015-09-28 00:00:00','EL',1105737),(442,'2015-10-05 00:00:00','EL',1105737),(442,'2015-10-12 00:00:00','EL',1105737),(442,'2015-10-19 00:00:00','EL',1225426),(442,'2015-10-26 00:00:00','EL',1225426),(442,'2015-11-02 00:00:00','EL',1320176),(442,'2015-11-09 00:00:00','EL',1320176),(442,'2015-11-16 00:00:00','EL',1320176),(442,'2015-11-23 00:00:00','EL',1320176),(442,'2015-11-30 00:00:00','EL',1332176),(442,'2015-12-07 00:00:00','EL',1332176),(442,'2015-12-14 00:00:00','EL',1332176),(442,'2015-12-21 00:00:00','EL',1332176),(442,'2015-12-28 00:00:00','EL',1332176),(92,'2015-12-28 00:00:00','EL',220661851),(1170,'2015-12-28 00:00:00','EL',31839889),(1171,'2015-12-28 00:00:00','EL',2554797),(1176,'2015-12-28 00:00:00','EL',106869),(32,'2015-05-11 00:00:00','DE',1294161),(32,'2015-05-18 00:00:00','DE',1322322),(32,'2015-05-25 00:00:00','DE',1372806),(32,'2015-06-01 00:00:00','DE',1419353),(32,'2015-06-08 00:00:00','DE',1463294),(32,'2015-06-15 00:00:00','DE',1527324),(32,'2015-06-22 00:00:00','DE',1560882),(32,'2015-06-29 00:00:00','DE',1615219),(32,'2015-07-06 00:00:00','DE',1667758),(32,'2015-07-13 00:00:00','DE',1704611),(32,'2015-07-20 00:00:00','DE',1744477),(32,'2015-07-27 00:00:00','DE',1796870),(32,'2015-08-03 00:00:00','DE',1855584),(32,'2015-08-10 00:00:00','DE',1904836),(32,'2015-08-17 00:00:00','DE',1962930),(32,'2015-08-24 00:00:00','DE',1990104),(32,'2015-08-31 00:00:00','DE',2024648),(32,'2015-09-07 00:00:00','DE',2071737),(32,'2015-09-14 00:00:00','DE',2085016),(32,'2015-09-21 00:00:00','DE',2146496),(32,'2015-09-28 00:00:00','DE',2208478),(32,'2015-10-05 00:00:00','DE',2249958),(32,'2015-10-12 00:00:00','DE',2302778),(32,'2015-10-19 00:00:00','DE',2346910),(32,'2015-10-26 00:00:00','DE',2411841),(32,'2015-11-02 00:00:00','DE',2490880),(32,'2015-11-09 00:00:00','DE',2556102),(32,'2015-11-16 00:00:00','DE',2623218),(32,'2015-11-23 00:00:00','DE',2711812),(32,'2015-11-30 00:00:00','DE',2799448),(32,'2015-12-07 00:00:00','DE',2879379),(32,'2015-12-14 00:00:00','DE',3007057),(32,'2015-12-21 00:00:00','DE',3096660),(32,'2015-12-28 00:00:00','DE',3227420),(212,'2015-04-27 00:00:00','DE',1583381),(212,'2015-05-04 00:00:00','DE',1742728),(212,'2015-05-11 00:00:00','DE',1903675),(212,'2015-05-18 00:00:00','DE',2039817),(212,'2015-05-25 00:00:00','DE',2174276),(212,'2015-06-01 00:00:00','DE',2271409),(212,'2015-06-08 00:00:00','DE',2343024),(212,'2015-06-15 00:00:00','DE',2427923),(212,'2015-06-22 00:00:00','DE',2540652),(212,'2015-06-29 00:00:00','DE',2652506),(212,'2015-07-06 00:00:00','DE',2781250),(212,'2015-07-13 00:00:00','DE',2889298),(212,'2015-07-20 00:00:00','DE',3003917),(212,'2015-07-27 00:00:00','DE',3139068),(212,'2015-08-03 00:00:00','DE',3258577),(212,'2015-08-10 00:00:00','DE',3400422),(212,'2015-08-17 00:00:00','DE',3517908),(212,'2015-08-24 00:00:00','DE',3593702),(212,'2015-08-31 00:00:00','DE',3693675),(212,'2015-09-07 00:00:00','DE',3755192),(212,'2015-09-14 00:00:00','DE',3816922),(212,'2015-09-21 00:00:00','DE',3877685),(212,'2015-09-28 00:00:00','DE',3981670),(212,'2015-10-05 00:00:00','DE',4053953),(212,'2015-10-12 00:00:00','DE',4141267),(212,'2015-10-19 00:00:00','DE',4230657),(212,'2015-10-26 00:00:00','DE',4313961),(212,'2015-11-02 00:00:00','DE',4407359),(212,'2015-11-09 00:00:00','DE',4474437),(212,'2015-11-16 00:00:00','DE',4560382),(212,'2015-11-23 00:00:00','DE',4630323),(212,'2015-11-30 00:00:00','DE',4718199),(212,'2015-12-07 00:00:00','DE',4805323),(212,'2015-12-14 00:00:00','DE',4931679),(212,'2015-12-21 00:00:00','DE',5085082),(212,'2015-12-28 00:00:00','DE',5207167),(2,'2015-02-02 00:00:00','DE',960861),(2,'2015-02-09 00:00:00','DE',1025645),(2,'2015-02-16 00:00:00','DE',1119424),(2,'2015-02-23 00:00:00','DE',1185670),(2,'2015-03-02 00:00:00','DE',1236220),(2,'2015-03-09 00:00:00','DE',1284407),(2,'2015-03-16 00:00:00','DE',1337506),(2,'2015-03-23 00:00:00','DE',1396038),(2,'2015-03-30 00:00:00','DE',1440421),(2,'2015-04-06 00:00:00','DE',1472816),(2,'2015-04-13 00:00:00','DE',1528682),(2,'2015-04-20 00:00:00','DE',1599325),(2,'2015-04-27 00:00:00','DE',1721079),(2,'2015-05-04 00:00:00','DE',1805602),(2,'2015-05-11 00:00:00','DE',1906112),(2,'2015-05-18 00:00:00','DE',2010612),(2,'2015-05-25 00:00:00','DE',2123051),(2,'2015-06-01 00:00:00','DE',2232331),(2,'2015-06-08 00:00:00','DE',2332213),(2,'2015-06-15 00:00:00','DE',2440456),(2,'2015-06-22 00:00:00','DE',2570174),(2,'2015-06-29 00:00:00','DE',2757131),(2,'2015-07-06 00:00:00','DE',2928179),(2,'2015-07-13 00:00:00','DE',3083156),(2,'2015-07-20 00:00:00','DE',3239850),(2,'2015-07-27 00:00:00','DE',3377130),(2,'2015-08-03 00:00:00','DE',3495195),(2,'2015-08-10 00:00:00','DE',3670805),(2,'2015-08-17 00:00:00','DE',3731159),(2,'2015-08-24 00:00:00','DE',3856422),(2,'2015-08-31 00:00:00','DE',4018775),(2,'2015-09-07 00:00:00','DE',4182596),(2,'2015-09-14 00:00:00','DE',4274554),(2,'2015-09-21 00:00:00','DE',4336172),(2,'2015-09-28 00:00:00','DE',4356437),(2,'2015-10-05 00:00:00','DE',4358418),(2,'2015-10-12 00:00:00','DE',4438198),(2,'2015-10-19 00:00:00','DE',4543946),(2,'2015-10-26 00:00:00','DE',4573938),(2,'2015-11-02 00:00:00','DE',4629927),(2,'2015-11-09 00:00:00','DE',4648374),(2,'2015-11-16 00:00:00','DE',4723712),(2,'2015-11-23 00:00:00','DE',4779614),(2,'2015-11-30 00:00:00','DE',4829822),(2,'2015-12-07 00:00:00','DE',4850751),(2,'2015-12-14 00:00:00','DE',4916783),(2,'2015-12-21 00:00:00','DE',4995703),(2,'2015-12-28 00:00:00','DE',5095030),(462,'2015-06-08 00:00:00','DE',1213390),(462,'2015-06-15 00:00:00','DE',1232792),(462,'2015-06-22 00:00:00','DE',1254692),(462,'2015-06-29 00:00:00','DE',1304309),(462,'2015-07-06 00:00:00','DE',1379878),(462,'2015-07-13 00:00:00','DE',1458708),(462,'2015-07-20 00:00:00','DE',1543948),(462,'2015-07-27 00:00:00','DE',1620759),(462,'2015-08-03 00:00:00','DE',1694672),(462,'2015-08-10 00:00:00','DE',1762353),(462,'2015-08-17 00:00:00','DE',1807880),(462,'2015-08-24 00:00:00','DE',1819017),(462,'2015-08-31 00:00:00','DE',1834656),(462,'2015-09-07 00:00:00','DE',1840553),(462,'2015-09-14 00:00:00','DE',1854527),(462,'2015-09-21 00:00:00','DE',1859920),(462,'2015-09-28 00:00:00','DE',1872079),(462,'2015-10-05 00:00:00','DE',1937681),(462,'2015-10-12 00:00:00','DE',1987548),(462,'2015-10-19 00:00:00','DE',2037067),(462,'2015-10-26 00:00:00','DE',2071341),(462,'2015-11-02 00:00:00','DE',2132732),(462,'2015-11-09 00:00:00','DE',2153973),(462,'2015-11-16 00:00:00','DE',2171454),(462,'2015-11-23 00:00:00','DE',2206917),(462,'2015-11-30 00:00:00','DE',2274188),(462,'2015-12-07 00:00:00','DE',2328486),(462,'2015-12-14 00:00:00','DE',2381506),(462,'2015-12-21 00:00:00','DE',2470263),(462,'2015-12-28 00:00:00','DE',2540687),(282,'2015-06-08 00:00:00','DE',51),(282,'2015-06-15 00:00:00','DE',51),(282,'2015-06-22 00:00:00','DE',121),(282,'2015-06-29 00:00:00','DE',141),(282,'2015-07-06 00:00:00','DE',2443),(282,'2015-07-13 00:00:00','DE',17783),(282,'2015-07-20 00:00:00','DE',54517),(282,'2015-07-27 00:00:00','DE',83793),(282,'2015-08-03 00:00:00','DE',106711),(282,'2015-08-10 00:00:00','DE',128123),(282,'2015-08-17 00:00:00','DE',150680),(282,'2015-08-24 00:00:00','DE',167430),(282,'2015-08-31 00:00:00','DE',186237),(282,'2015-09-07 00:00:00','DE',211313),(282,'2015-09-14 00:00:00','DE',275838),(282,'2015-09-21 00:00:00','DE',313403),(282,'2015-09-28 00:00:00','DE',344829),(282,'2015-10-05 00:00:00','DE',356446),(282,'2015-10-12 00:00:00','DE',394344),(282,'2015-10-19 00:00:00','DE',428123),(282,'2015-10-26 00:00:00','DE',451418),(282,'2015-11-02 00:00:00','DE',532996),(282,'2015-11-09 00:00:00','DE',577009),(282,'2015-11-16 00:00:00','DE',590292),(282,'2015-11-23 00:00:00','DE',619968),(282,'2015-11-30 00:00:00','DE',640638),(282,'2015-12-07 00:00:00','DE',681433),(282,'2015-12-14 00:00:00','DE',707551),(282,'2015-12-21 00:00:00','DE',749328),(282,'2015-12-28 00:00:00','DE',818556),(52,'2015-03-23 00:00:00','DE',179048),(52,'2015-03-30 00:00:00','DE',189147),(52,'2015-04-06 00:00:00','DE',198850),(52,'2015-04-13 00:00:00','DE',205211),(52,'2015-04-20 00:00:00','DE',205218),(52,'2015-04-27 00:00:00','DE',212505),(52,'2015-05-04 00:00:00','DE',229420),(52,'2015-05-11 00:00:00','DE',246918),(52,'2015-05-18 00:00:00','DE',267208),(52,'2015-05-25 00:00:00','DE',290016),(52,'2015-06-01 00:00:00','DE',332471),(52,'2015-06-08 00:00:00','DE',356659),(52,'2015-06-15 00:00:00','DE',383056),(52,'2015-06-22 00:00:00','DE',397886),(52,'2015-06-29 00:00:00','DE',412251),(52,'2015-07-06 00:00:00','DE',425012),(52,'2015-07-13 00:00:00','DE',433571),(52,'2015-07-20 00:00:00','DE',453683),(52,'2015-07-27 00:00:00','DE',468110),(52,'2015-08-03 00:00:00','DE',481125),(52,'2015-08-10 00:00:00','DE',502967),(52,'2015-08-17 00:00:00','DE',520421),(52,'2015-08-24 00:00:00','DE',547762),(52,'2015-08-31 00:00:00','DE',574226),(52,'2015-09-07 00:00:00','DE',591393),(52,'2015-09-14 00:00:00','DE',628672),(52,'2015-09-21 00:00:00','DE',655218),(52,'2015-09-28 00:00:00','DE',695881),(52,'2015-10-05 00:00:00','DE',725877),(52,'2015-10-12 00:00:00','DE',772737),(52,'2015-10-19 00:00:00','DE',799378),(52,'2015-10-26 00:00:00','DE',827426),(52,'2015-11-02 00:00:00','DE',860815),(52,'2015-11-09 00:00:00','DE',893376),(52,'2015-11-16 00:00:00','DE',914973),(52,'2015-11-23 00:00:00','DE',940553),(52,'2015-11-30 00:00:00','DE',965045),(52,'2015-12-07 00:00:00','DE',986880),(52,'2015-12-14 00:00:00','DE',1001107),(52,'2015-12-21 00:00:00','DE',1028457),(52,'2015-12-28 00:00:00','DE',1082142),(42,'2015-02-09 00:00:00','DE',402980),(42,'2015-02-16 00:00:00','DE',454610),(42,'2015-02-23 00:00:00','DE',492617),(42,'2015-03-02 00:00:00','DE',553135),(42,'2015-03-09 00:00:00','DE',585055),(42,'2015-03-16 00:00:00','DE',611816),(42,'2015-03-23 00:00:00','DE',651752),(42,'2015-03-30 00:00:00','DE',674168),(42,'2015-04-06 00:00:00','DE',733944),(42,'2015-04-13 00:00:00','DE',779597),(42,'2015-04-20 00:00:00','DE',815832),(42,'2015-04-27 00:00:00','DE',885683),(42,'2015-05-04 00:00:00','DE',924019),(42,'2015-05-11 00:00:00','DE',956142),(42,'2015-05-18 00:00:00','DE',1003438),(42,'2015-05-25 00:00:00','DE',1054193),(42,'2015-06-01 00:00:00','DE',1087798),(42,'2015-06-08 00:00:00','DE',1119862),(42,'2015-06-15 00:00:00','DE',1150034),(42,'2015-06-22 00:00:00','DE',1161433),(42,'2015-06-29 00:00:00','DE',1189336),(42,'2015-07-06 00:00:00','DE',1217149),(42,'2015-07-13 00:00:00','DE',1236275),(42,'2015-07-20 00:00:00','DE',1272874),(42,'2015-07-27 00:00:00','DE',1298616),(42,'2015-08-03 00:00:00','DE',1323617),(42,'2015-08-10 00:00:00','DE',1352618),(42,'2015-08-17 00:00:00','DE',1377588),(42,'2015-08-24 00:00:00','DE',1387451),(42,'2015-08-31 00:00:00','DE',1390670),(42,'2015-09-07 00:00:00','DE',1406685),(42,'2015-09-14 00:00:00','DE',1412720),(42,'2015-09-21 00:00:00','DE',1422803),(42,'2015-09-28 00:00:00','DE',1430321),(42,'2015-10-05 00:00:00','DE',1440109),(42,'2015-10-12 00:00:00','DE',1457584),(42,'2015-10-19 00:00:00','DE',1464407),(42,'2015-10-26 00:00:00','DE',1473543),(42,'2015-11-02 00:00:00','DE',1485806),(42,'2015-11-09 00:00:00','DE',1505067),(42,'2015-11-16 00:00:00','DE',1533098),(42,'2015-11-23 00:00:00','DE',1572712),(42,'2015-11-30 00:00:00','DE',1621821),(42,'2015-12-07 00:00:00','DE',1646361),(42,'2015-12-14 00:00:00','DE',1681193),(42,'2015-12-21 00:00:00','DE',1688689),(42,'2015-12-28 00:00:00','DE',1736086),(82,'2015-02-02 00:00:00','DE',4917),(82,'2015-02-09 00:00:00','DE',12361),(82,'2015-02-16 00:00:00','DE',23322),(82,'2015-02-23 00:00:00','DE',30224),(82,'2015-03-02 00:00:00','DE',35598),(82,'2015-03-09 00:00:00','DE',42777),(82,'2015-03-16 00:00:00','DE',47985),(82,'2015-03-23 00:00:00','DE',54903),(82,'2015-03-30 00:00:00','DE',63476),(82,'2015-04-06 00:00:00','DE',74296),(82,'2015-04-13 00:00:00','DE',83305),(82,'2015-04-20 00:00:00','DE',89369),(82,'2015-04-27 00:00:00','DE',96607),(82,'2015-05-04 00:00:00','DE',104303),(82,'2015-05-11 00:00:00','DE',123835),(82,'2015-05-18 00:00:00','DE',140710),(82,'2015-05-25 00:00:00','DE',162115),(82,'2015-06-01 00:00:00','DE',171594),(82,'2015-06-08 00:00:00','DE',185665),(82,'2015-06-15 00:00:00','DE',211274),(82,'2015-06-22 00:00:00','DE',219558),(82,'2015-06-29 00:00:00','DE',233598),(82,'2015-07-06 00:00:00','DE',240135),(82,'2015-07-13 00:00:00','DE',249220),(82,'2015-07-20 00:00:00','DE',261888),(82,'2015-07-27 00:00:00','DE',273818),(82,'2015-08-03 00:00:00','DE',285502),(82,'2015-08-10 00:00:00','DE',298285),(82,'2015-08-17 00:00:00','DE',304435),(82,'2015-08-24 00:00:00','DE',312918),(82,'2015-08-31 00:00:00','DE',316713),(82,'2015-09-07 00:00:00','DE',324641),(82,'2015-09-14 00:00:00','DE',330751),(82,'2015-09-21 00:00:00','DE',338004),(82,'2015-09-28 00:00:00','DE',349560),(82,'2015-10-05 00:00:00','DE',361932),(82,'2015-10-12 00:00:00','DE',364035),(82,'2015-10-19 00:00:00','DE',385371),(82,'2015-10-26 00:00:00','DE',398356),(82,'2015-11-02 00:00:00','DE',423431),(82,'2015-11-09 00:00:00','DE',437188),(82,'2015-11-16 00:00:00','DE',463374),(82,'2015-11-23 00:00:00','DE',485064),(82,'2015-11-30 00:00:00','DE',505734),(82,'2015-12-07 00:00:00','DE',523242),(82,'2015-12-14 00:00:00','DE',541384),(82,'2015-12-21 00:00:00','DE',571990),(82,'2015-12-28 00:00:00','DE',616929),(452,'2015-08-10 00:00:00','DE',2408354),(452,'2015-08-17 00:00:00','DE',2506979),(452,'2015-08-24 00:00:00','DE',2553277),(452,'2015-08-31 00:00:00','DE',2584515),(452,'2015-09-07 00:00:00','DE',2621513),(452,'2015-09-14 00:00:00','DE',2680552),(452,'2015-09-21 00:00:00','DE',2736239),(452,'2015-09-28 00:00:00','DE',2803782),(452,'2015-10-05 00:00:00','DE',2876173),(452,'2015-10-12 00:00:00','DE',2944835),(452,'2015-10-19 00:00:00','DE',3011828),(452,'2015-10-26 00:00:00','DE',3058993),(452,'2015-11-02 00:00:00','DE',3129846),(452,'2015-11-09 00:00:00','DE',3186675),(452,'2015-11-16 00:00:00','DE',3267928),(452,'2015-11-23 00:00:00','DE',3366322),(452,'2015-11-30 00:00:00','DE',3389648),(452,'2015-12-07 00:00:00','DE',3454535),(452,'2015-12-14 00:00:00','DE',3516060),(452,'2015-12-21 00:00:00','DE',3601103),(452,'2015-12-28 00:00:00','DE',3639665),(1163,'2015-12-14 00:00:00','DE',275732),(1163,'2015-12-21 00:00:00','DE',297407),(1163,'2015-12-28 00:00:00','DE',331765),(192,'2015-05-25 00:00:00','DE',1043013),(192,'2015-06-01 00:00:00','DE',1054007),(192,'2015-06-08 00:00:00','DE',1074425),(192,'2015-06-15 00:00:00','DE',1084674),(192,'2015-06-22 00:00:00','DE',1101322),(192,'2015-06-29 00:00:00','DE',1131979),(192,'2015-07-06 00:00:00','DE',1164586),(192,'2015-07-13 00:00:00','DE',1212441),(192,'2015-07-20 00:00:00','DE',1248584),(192,'2015-07-27 00:00:00','DE',1283565),(192,'2015-08-03 00:00:00','DE',1330065),(192,'2015-08-10 00:00:00','DE',1347272),(192,'2015-08-17 00:00:00','DE',1373100),(192,'2015-08-24 00:00:00','DE',1398050),(192,'2015-08-31 00:00:00','DE',1412356),(192,'2015-09-07 00:00:00','DE',1438990),(192,'2015-09-14 00:00:00','DE',1451018),(192,'2015-09-21 00:00:00','DE',1466004),(192,'2015-09-28 00:00:00','DE',1481892),(192,'2015-10-05 00:00:00','DE',1506866),(192,'2015-10-12 00:00:00','DE',1534377),(192,'2015-10-19 00:00:00','DE',1596668),(192,'2015-10-26 00:00:00','DE',1632674),(192,'2015-11-02 00:00:00','DE',1687706),(192,'2015-11-09 00:00:00','DE',1723065),(192,'2015-11-16 00:00:00','DE',1744525),(192,'2015-11-23 00:00:00','DE',1766048),(192,'2015-11-30 00:00:00','DE',1766309),(192,'2015-12-07 00:00:00','DE',1774077),(192,'2015-12-14 00:00:00','DE',1813151),(192,'2015-12-21 00:00:00','DE',1832330),(192,'2015-12-28 00:00:00','DE',1863322),(1166,'2015-10-12 00:00:00','DE',276104),(1166,'2015-10-19 00:00:00','DE',285138),(1166,'2015-10-26 00:00:00','DE',309166),(1166,'2015-11-02 00:00:00','DE',333228),(1166,'2015-11-09 00:00:00','DE',366973),(1166,'2015-11-16 00:00:00','DE',399163),(1166,'2015-11-23 00:00:00','DE',443087),(1166,'2015-11-30 00:00:00','DE',477697),(1166,'2015-12-07 00:00:00','DE',486056),(1166,'2015-12-14 00:00:00','DE',520822),(1166,'2015-12-21 00:00:00','DE',554429),(1166,'2015-12-28 00:00:00','DE',579063),(252,'2015-08-31 00:00:00','DE',629),(252,'2015-09-07 00:00:00','DE',629),(252,'2015-09-14 00:00:00','DE',723),(252,'2015-09-21 00:00:00','DE',973),(252,'2015-09-28 00:00:00','DE',1590),(252,'2015-10-05 00:00:00','DE',3159),(252,'2015-10-12 00:00:00','DE',6734),(252,'2015-10-19 00:00:00','DE',11188),(252,'2015-10-26 00:00:00','DE',16659),(252,'2015-11-02 00:00:00','DE',18670),(252,'2015-11-09 00:00:00','DE',20897),(252,'2015-11-16 00:00:00','DE',22300),(252,'2015-11-23 00:00:00','DE',23161),(252,'2015-11-30 00:00:00','DE',23161),(252,'2015-12-07 00:00:00','DE',23345),(252,'2015-12-14 00:00:00','DE',28388),(252,'2015-12-21 00:00:00','DE',32745),(252,'2015-12-28 00:00:00','DE',45737),(102,'2015-02-02 00:00:00','DE',39114),(102,'2015-02-09 00:00:00','DE',48377),(102,'2015-02-16 00:00:00','DE',60306),(102,'2015-02-23 00:00:00','DE',68153),(102,'2015-03-02 00:00:00','DE',76446),(102,'2015-03-09 00:00:00','DE',82661),(102,'2015-03-16 00:00:00','DE',92794),(102,'2015-03-23 00:00:00','DE',97811),(102,'2015-03-30 00:00:00','DE',108748),(102,'2015-04-06 00:00:00','DE',122772),(102,'2015-04-13 00:00:00','DE',146274),(102,'2015-04-20 00:00:00','DE',162186),(102,'2015-04-27 00:00:00','DE',190646),(102,'2015-05-04 00:00:00','DE',216258),(102,'2015-05-11 00:00:00','DE',256874),(102,'2015-05-18 00:00:00','DE',290173),(102,'2015-05-25 00:00:00','DE',308681),(102,'2015-06-01 00:00:00','DE',342620),(102,'2015-06-08 00:00:00','DE',361472),(102,'2015-06-15 00:00:00','DE',372411),(102,'2015-06-22 00:00:00','DE',381305),(102,'2015-06-29 00:00:00','DE',403086),(102,'2015-07-06 00:00:00','DE',411245),(102,'2015-07-13 00:00:00','DE',423079),(102,'2015-07-20 00:00:00','DE',430878),(102,'2015-07-27 00:00:00','DE',443332),(102,'2015-08-03 00:00:00','DE',463491),(102,'2015-08-10 00:00:00','DE',476853),(102,'2015-08-17 00:00:00','DE',489863),(102,'2015-08-24 00:00:00','DE',511727),(102,'2015-08-31 00:00:00','DE',529967),(102,'2015-09-07 00:00:00','DE',542366),(102,'2015-09-14 00:00:00','DE',557802),(102,'2015-09-21 00:00:00','DE',566674),(102,'2015-09-28 00:00:00','DE',570937),(102,'2015-10-05 00:00:00','DE',584103),(102,'2015-10-12 00:00:00','DE',608824),(102,'2015-10-19 00:00:00','DE',623259),(102,'2015-10-26 00:00:00','DE',631367),(102,'2015-11-02 00:00:00','DE',633720),(102,'2015-11-09 00:00:00','DE',650022),(102,'2015-11-16 00:00:00','DE',658089),(102,'2015-11-23 00:00:00','DE',670498),(102,'2015-11-30 00:00:00','DE',677962),(102,'2015-12-07 00:00:00','DE',687089),(102,'2015-12-14 00:00:00','DE',691442),(102,'2015-12-21 00:00:00','DE',727549),(102,'2015-12-28 00:00:00','DE',740009),(172,'2015-02-02 00:00:00','DE',12900),(172,'2015-02-09 00:00:00','DE',15013),(172,'2015-02-16 00:00:00','DE',16792),(172,'2015-02-23 00:00:00','DE',18563),(172,'2015-03-02 00:00:00','DE',19349),(172,'2015-03-09 00:00:00','DE',21159),(172,'2015-03-16 00:00:00','DE',23079),(172,'2015-03-23 00:00:00','DE',26114),(172,'2015-03-30 00:00:00','DE',29070),(172,'2015-04-06 00:00:00','DE',33535),(172,'2015-04-13 00:00:00','DE',37295),(172,'2015-04-20 00:00:00','DE',38583),(172,'2015-04-27 00:00:00','DE',43345),(172,'2015-05-04 00:00:00','DE',50560),(172,'2015-05-11 00:00:00','DE',52286),(172,'2015-05-18 00:00:00','DE',54099),(172,'2015-05-25 00:00:00','DE',55871),(172,'2015-06-01 00:00:00','DE',57274),(172,'2015-06-08 00:00:00','DE',63904),(172,'2015-06-15 00:00:00','DE',65606),(172,'2015-06-22 00:00:00','DE',68374),(172,'2015-06-29 00:00:00','DE',82905),(172,'2015-07-06 00:00:00','DE',92247),(172,'2015-07-13 00:00:00','DE',124732),(172,'2015-07-20 00:00:00','DE',140959),(172,'2015-07-27 00:00:00','DE',145812),(172,'2015-08-03 00:00:00','DE',168311),(172,'2015-08-10 00:00:00','DE',176417),(172,'2015-08-17 00:00:00','DE',177198),(172,'2015-08-24 00:00:00','DE',183362),(172,'2015-08-31 00:00:00','DE',192407),(172,'2015-09-07 00:00:00','DE',195790),(172,'2015-09-14 00:00:00','DE',205081),(172,'2015-09-21 00:00:00','DE',212343),(172,'2015-09-28 00:00:00','DE',216722),(172,'2015-10-05 00:00:00','DE',217394),(172,'2015-10-12 00:00:00','DE',223455),(172,'2015-10-19 00:00:00','DE',232905),(172,'2015-10-26 00:00:00','DE',234258),(172,'2015-11-02 00:00:00','DE',235630),(172,'2015-11-09 00:00:00','DE',236959),(172,'2015-11-16 00:00:00','DE',236959),(172,'2015-11-23 00:00:00','DE',236959),(172,'2015-11-30 00:00:00','DE',238435),(172,'2015-12-07 00:00:00','DE',238852),(172,'2015-12-14 00:00:00','DE',243201),(172,'2015-12-21 00:00:00','DE',246481),(172,'2015-12-28 00:00:00','DE',254244),(1165,'2015-10-05 00:00:00','DE',10178),(1165,'2015-10-12 00:00:00','DE',21056),(1165,'2015-10-19 00:00:00','DE',24581),(1165,'2015-10-26 00:00:00','DE',31527),(1165,'2015-11-02 00:00:00','DE',41978),(1165,'2015-11-09 00:00:00','DE',59911),(1165,'2015-11-16 00:00:00','DE',67428),(1165,'2015-11-23 00:00:00','DE',71835),(1165,'2015-11-30 00:00:00','DE',83121),(1165,'2015-12-07 00:00:00','DE',87078),(1165,'2015-12-14 00:00:00','DE',92617),(1165,'2015-12-21 00:00:00','DE',96321),(1165,'2015-12-28 00:00:00','DE',103705),(112,'2015-02-02 00:00:00','DE',65673),(112,'2015-02-09 00:00:00','DE',67908),(112,'2015-02-16 00:00:00','DE',70927),(112,'2015-02-23 00:00:00','DE',76092),(112,'2015-03-02 00:00:00','DE',92619),(112,'2015-03-09 00:00:00','DE',94553),(112,'2015-03-16 00:00:00','DE',100880),(112,'2015-03-23 00:00:00','DE',109641),(112,'2015-03-30 00:00:00','DE',117575),(112,'2015-04-06 00:00:00','DE',125036),(112,'2015-04-13 00:00:00','DE',140229),(112,'2015-04-20 00:00:00','DE',156964),(112,'2015-04-27 00:00:00','DE',167159),(112,'2015-05-04 00:00:00','DE',176960),(112,'2015-05-11 00:00:00','DE',181159),(112,'2015-05-18 00:00:00','DE',189838),(112,'2015-05-25 00:00:00','DE',208811),(112,'2015-06-01 00:00:00','DE',237123),(112,'2015-06-08 00:00:00','DE',251027),(112,'2015-06-15 00:00:00','DE',265730),(112,'2015-06-22 00:00:00','DE',285431),(112,'2015-06-29 00:00:00','DE',300203),(112,'2015-07-06 00:00:00','DE',320029),(112,'2015-07-13 00:00:00','DE',350359),(112,'2015-07-20 00:00:00','DE',369076),(112,'2015-07-27 00:00:00','DE',392916),(112,'2015-08-03 00:00:00','DE',422929),(112,'2015-08-10 00:00:00','DE',428505),(112,'2015-08-17 00:00:00','DE',442938),(112,'2015-08-24 00:00:00','DE',465599),(112,'2015-08-31 00:00:00','DE',482009),(112,'2015-09-07 00:00:00','DE',496399),(112,'2015-09-14 00:00:00','DE',505278),(112,'2015-09-21 00:00:00','DE',508049),(112,'2015-09-28 00:00:00','DE',509522),(112,'2015-10-05 00:00:00','DE',511240),(112,'2015-10-12 00:00:00','DE',515338),(112,'2015-10-19 00:00:00','DE',519168),(112,'2015-10-26 00:00:00','DE',542263),(112,'2015-11-02 00:00:00','DE',547139),(112,'2015-11-09 00:00:00','DE',553456),(112,'2015-11-16 00:00:00','DE',564249),(112,'2015-11-23 00:00:00','DE',572687),(112,'2015-11-30 00:00:00','DE',583612),(112,'2015-12-07 00:00:00','DE',602369),(112,'2015-12-14 00:00:00','DE',648449),(112,'2015-12-21 00:00:00','DE',736036),(112,'2015-12-28 00:00:00','DE',742712),(262,'2015-06-22 00:00:00','DE',65),(262,'2015-06-29 00:00:00','DE',65),(262,'2015-07-06 00:00:00','DE',259),(262,'2015-07-13 00:00:00','DE',501),(262,'2015-07-20 00:00:00','DE',1209),(262,'2015-07-27 00:00:00','DE',2507),(262,'2015-08-03 00:00:00','DE',2507),(262,'2015-08-10 00:00:00','DE',2946),(262,'2015-08-17 00:00:00','DE',3066),(262,'2015-08-24 00:00:00','DE',3557),(262,'2015-08-31 00:00:00','DE',6184),(262,'2015-09-07 00:00:00','DE',8523),(262,'2015-09-14 00:00:00','DE',8974),(262,'2015-09-21 00:00:00','DE',11463),(262,'2015-09-28 00:00:00','DE',15032),(262,'2015-10-05 00:00:00','DE',18608),(262,'2015-10-12 00:00:00','DE',22019),(262,'2015-10-19 00:00:00','DE',28044),(262,'2015-10-26 00:00:00','DE',34139),(262,'2015-11-02 00:00:00','DE',40441),(262,'2015-11-09 00:00:00','DE',46416),(262,'2015-11-16 00:00:00','DE',50658),(262,'2015-11-23 00:00:00','DE',54559),(262,'2015-11-30 00:00:00','DE',57730),(262,'2015-12-07 00:00:00','DE',62018),(262,'2015-12-14 00:00:00','DE',64901),(262,'2015-12-21 00:00:00','DE',68825),(262,'2015-12-28 00:00:00','DE',74255),(312,'2015-10-12 00:00:00','DE',60),(312,'2015-10-19 00:00:00','DE',60),(312,'2015-10-26 00:00:00','DE',1232),(312,'2015-11-02 00:00:00','DE',13134),(312,'2015-11-09 00:00:00','DE',21961),(312,'2015-11-16 00:00:00','DE',25325),(312,'2015-11-23 00:00:00','DE',31679),(312,'2015-11-30 00:00:00','DE',35846),(312,'2015-12-07 00:00:00','DE',43137),(312,'2015-12-14 00:00:00','DE',51084),(312,'2015-12-21 00:00:00','DE',58169),(312,'2015-12-28 00:00:00','DE',63055),(352,'2015-06-01 00:00:00','DE',887),(352,'2015-06-08 00:00:00','DE',953),(352,'2015-06-15 00:00:00','DE',1590),(352,'2015-06-22 00:00:00','DE',1621),(352,'2015-06-29 00:00:00','DE',1621),(352,'2015-07-06 00:00:00','DE',1621),(352,'2015-07-13 00:00:00','DE',1621),(352,'2015-07-20 00:00:00','DE',2030),(352,'2015-07-27 00:00:00','DE',2207),(352,'2015-08-03 00:00:00','DE',2893),(352,'2015-08-10 00:00:00','DE',3053),(352,'2015-08-17 00:00:00','DE',3594),(352,'2015-08-24 00:00:00','DE',4129),(352,'2015-08-31 00:00:00','DE',4147),(352,'2015-09-07 00:00:00','DE',6243),(352,'2015-09-14 00:00:00','DE',6493),(352,'2015-09-21 00:00:00','DE',8258),(352,'2015-09-28 00:00:00','DE',9127),(352,'2015-10-05 00:00:00','DE',9127),(352,'2015-10-12 00:00:00','DE',10243),(352,'2015-10-19 00:00:00','DE',10739),(352,'2015-10-26 00:00:00','DE',12803),(352,'2015-11-02 00:00:00','DE',14628),(352,'2015-11-09 00:00:00','DE',15776),(352,'2015-11-16 00:00:00','DE',16607),(352,'2015-11-23 00:00:00','DE',16607),(352,'2015-11-30 00:00:00','DE',16607),(352,'2015-12-07 00:00:00','DE',16607),(352,'2015-12-14 00:00:00','DE',16607),(352,'2015-12-21 00:00:00','DE',16656),(352,'2015-12-28 00:00:00','DE',20181),(1167,'2015-10-12 00:00:00','DE',121),(1167,'2015-10-19 00:00:00','DE',121),(1167,'2015-10-26 00:00:00','DE',121),(1167,'2015-11-02 00:00:00','DE',331),(1167,'2015-11-09 00:00:00','DE',391),(1167,'2015-11-16 00:00:00','DE',394),(1167,'2015-11-23 00:00:00','DE',464),(1167,'2015-11-30 00:00:00','DE',1929),(1167,'2015-12-07 00:00:00','DE',3768),(1167,'2015-12-14 00:00:00','DE',8005),(1167,'2015-12-21 00:00:00','DE',11905),(1167,'2015-12-28 00:00:00','DE',14778),(1168,'2015-12-14 00:00:00','DE',110477),(1168,'2015-12-21 00:00:00','DE',112716),(1168,'2015-12-28 00:00:00','DE',115481),(62,'2015-02-02 00:00:00','DE',274129),(62,'2015-02-09 00:00:00','DE',300254),(62,'2015-02-16 00:00:00','DE',349819),(62,'2015-02-23 00:00:00','DE',392823),(62,'2015-03-02 00:00:00','DE',425607),(62,'2015-03-09 00:00:00','DE',464933),(62,'2015-03-16 00:00:00','DE',490975),(62,'2015-03-23 00:00:00','DE',543104),(62,'2015-03-30 00:00:00','DE',544642),(62,'2015-04-06 00:00:00','DE',559752),(62,'2015-04-13 00:00:00','DE',580571),(62,'2015-04-20 00:00:00','DE',588593),(62,'2015-04-27 00:00:00','DE',596449),(62,'2015-05-04 00:00:00','DE',600220),(62,'2015-05-11 00:00:00','DE',601795),(62,'2015-05-18 00:00:00','DE',602245),(62,'2015-05-25 00:00:00','DE',602296),(62,'2015-06-01 00:00:00','DE',602296),(62,'2015-06-08 00:00:00','DE',635276),(62,'2015-06-15 00:00:00','DE',643552),(62,'2015-06-22 00:00:00','DE',656732),(62,'2015-06-29 00:00:00','DE',656732),(62,'2015-07-06 00:00:00','DE',662835),(62,'2015-07-13 00:00:00','DE',664400),(62,'2015-07-20 00:00:00','DE',666742),(62,'2015-07-27 00:00:00','DE',672951),(62,'2015-08-03 00:00:00','DE',676351),(62,'2015-08-10 00:00:00','DE',682577),(62,'2015-08-17 00:00:00','DE',688765),(62,'2015-08-24 00:00:00','DE',705287),(62,'2015-08-31 00:00:00','DE',706664),(62,'2015-09-07 00:00:00','DE',706664),(62,'2015-09-14 00:00:00','DE',706723),(62,'2015-09-21 00:00:00','DE',708179),(62,'2015-09-28 00:00:00','DE',708209),(62,'2015-10-05 00:00:00','DE',709276),(62,'2015-10-12 00:00:00','DE',709276),(62,'2015-10-19 00:00:00','DE',709379),(62,'2015-10-26 00:00:00','DE',709379),(62,'2015-11-02 00:00:00','DE',709379),(62,'2015-11-09 00:00:00','DE',709379),(62,'2015-11-16 00:00:00','DE',709379),(62,'2015-11-23 00:00:00','DE',709379),(62,'2015-11-30 00:00:00','DE',709379),(62,'2015-12-07 00:00:00','DE',709379),(62,'2015-12-14 00:00:00','DE',710187),(62,'2015-12-21 00:00:00','DE',710187),(62,'2015-12-28 00:00:00','DE',712099),(122,'2015-02-02 00:00:00','DE',193072),(122,'2015-02-09 00:00:00','DE',200085),(122,'2015-02-16 00:00:00','DE',250278),(122,'2015-02-23 00:00:00','DE',303166),(122,'2015-03-02 00:00:00','DE',367349),(122,'2015-03-09 00:00:00','DE',405804),(122,'2015-03-16 00:00:00','DE',441622),(122,'2015-03-23 00:00:00','DE',506696),(122,'2015-03-30 00:00:00','DE',568324),(122,'2015-04-06 00:00:00','DE',629060),(122,'2015-04-13 00:00:00','DE',671057),(122,'2015-04-20 00:00:00','DE',727352),(122,'2015-04-27 00:00:00','DE',792882),(122,'2015-05-04 00:00:00','DE',861492),(122,'2015-05-11 00:00:00','DE',953558),(122,'2015-05-18 00:00:00','DE',1028020),(122,'2015-05-25 00:00:00','DE',1142876),(122,'2015-06-01 00:00:00','DE',1299658),(122,'2015-06-08 00:00:00','DE',1378008),(122,'2015-06-15 00:00:00','DE',1460239),(122,'2015-06-22 00:00:00','DE',1563342),(122,'2015-06-29 00:00:00','DE',1681889),(122,'2015-07-06 00:00:00','DE',1735768),(122,'2015-07-13 00:00:00','DE',1818724),(122,'2015-07-20 00:00:00','DE',1917693),(122,'2015-07-27 00:00:00','DE',1968904),(122,'2015-08-03 00:00:00','DE',2056100),(122,'2015-08-10 00:00:00','DE',2133642),(122,'2015-08-17 00:00:00','DE',2133642),(122,'2015-08-24 00:00:00','DE',2133642),(122,'2015-08-31 00:00:00','DE',2133642),(122,'2015-09-07 00:00:00','DE',2136328),(122,'2015-09-14 00:00:00','DE',2137468),(122,'2015-09-21 00:00:00','DE',2155092),(122,'2015-09-28 00:00:00','DE',2156553),(122,'2015-10-05 00:00:00','DE',2156553),(122,'2015-10-12 00:00:00','DE',2156802),(122,'2015-10-19 00:00:00','DE',2159469),(122,'2015-10-26 00:00:00','DE',2166645),(122,'2015-11-02 00:00:00','DE',2175100),(122,'2015-11-09 00:00:00','DE',2176386),(122,'2015-11-16 00:00:00','DE',2202310),(122,'2015-11-23 00:00:00','DE',2375892),(122,'2015-11-30 00:00:00','DE',2389463),(122,'2015-12-07 00:00:00','DE',2403264),(122,'2015-12-14 00:00:00','DE',2430157),(122,'2015-12-21 00:00:00','DE',2435018),(122,'2015-12-28 00:00:00','DE',2436401),(1169,'2015-12-21 00:00:00','DE',97337),(1169,'2015-12-28 00:00:00','DE',98510),(242,'2015-06-29 00:00:00','DE',353819),(242,'2015-07-06 00:00:00','DE',369189),(242,'2015-07-13 00:00:00','DE',387959),(242,'2015-07-20 00:00:00','DE',395503),(242,'2015-07-27 00:00:00','DE',401876),(242,'2015-08-03 00:00:00','DE',409614),(242,'2015-08-10 00:00:00','DE',412353),(242,'2015-08-17 00:00:00','DE',427309),(242,'2015-08-24 00:00:00','DE',433546),(242,'2015-08-31 00:00:00','DE',461893),(242,'2015-09-07 00:00:00','DE',496443),(242,'2015-09-14 00:00:00','DE',532000),(242,'2015-09-21 00:00:00','DE',567074),(242,'2015-09-28 00:00:00','DE',595755),(242,'2015-10-05 00:00:00','DE',606173),(242,'2015-10-12 00:00:00','DE',623551),(242,'2015-10-19 00:00:00','DE',625730),(242,'2015-10-26 00:00:00','DE',632680),(242,'2015-11-02 00:00:00','DE',635499),(242,'2015-11-09 00:00:00','DE',639947),(242,'2015-11-16 00:00:00','DE',642458),(242,'2015-11-23 00:00:00','DE',658273),(242,'2015-11-30 00:00:00','DE',678598),(242,'2015-12-07 00:00:00','DE',688672),(242,'2015-12-14 00:00:00','DE',691188),(242,'2015-12-21 00:00:00','DE',693182),(242,'2015-12-28 00:00:00','DE',693941),(132,'2015-02-02 00:00:00','DE',100671),(132,'2015-02-09 00:00:00','DE',115693),(132,'2015-02-16 00:00:00','DE',124874),(132,'2015-02-23 00:00:00','DE',149854),(132,'2015-03-02 00:00:00','DE',162110),(132,'2015-03-09 00:00:00','DE',167930),(132,'2015-03-16 00:00:00','DE',173065),(132,'2015-03-23 00:00:00','DE',185298),(132,'2015-03-30 00:00:00','DE',194457),(132,'2015-04-06 00:00:00','DE',216277),(132,'2015-04-13 00:00:00','DE',220382),(132,'2015-04-20 00:00:00','DE',225754),(132,'2015-04-27 00:00:00','DE',226099),(132,'2015-05-04 00:00:00','DE',232911),(132,'2015-05-11 00:00:00','DE',235626),(132,'2015-05-18 00:00:00','DE',252039),(132,'2015-05-25 00:00:00','DE',254712),(132,'2015-06-01 00:00:00','DE',258897),(132,'2015-06-08 00:00:00','DE',261118),(132,'2015-06-15 00:00:00','DE',262236),(132,'2015-06-22 00:00:00','DE',263539),(132,'2015-06-29 00:00:00','DE',279880),(132,'2015-07-06 00:00:00','DE',284170),(132,'2015-07-13 00:00:00','DE',298796),(132,'2015-07-20 00:00:00','DE',304666),(132,'2015-07-27 00:00:00','DE',310604),(132,'2015-08-03 00:00:00','DE',319222),(132,'2015-08-10 00:00:00','DE',321873),(132,'2015-08-17 00:00:00','DE',322853),(132,'2015-08-24 00:00:00','DE',322853),(132,'2015-08-31 00:00:00','DE',326539),(132,'2015-09-07 00:00:00','DE',327063),(132,'2015-09-14 00:00:00','DE',328623),(132,'2015-09-21 00:00:00','DE',328984),(132,'2015-09-28 00:00:00','DE',330570),(132,'2015-10-05 00:00:00','DE',331230),(132,'2015-10-12 00:00:00','DE',331952),(132,'2015-10-19 00:00:00','DE',331952),(132,'2015-10-26 00:00:00','DE',331952),(132,'2015-11-02 00:00:00','DE',332076),(132,'2015-11-09 00:00:00','DE',334589),(132,'2015-11-16 00:00:00','DE',335349),(132,'2015-11-23 00:00:00','DE',336779),(132,'2015-11-30 00:00:00','DE',337004),(132,'2015-12-07 00:00:00','DE',337330),(132,'2015-12-14 00:00:00','DE',341069),(132,'2015-12-21 00:00:00','DE',341261),(132,'2015-12-28 00:00:00','DE',341983),(222,'2015-02-02 00:00:00','DE',6627),(222,'2015-02-09 00:00:00','DE',7616),(222,'2015-02-16 00:00:00','DE',8413),(222,'2015-02-23 00:00:00','DE',10103),(222,'2015-03-02 00:00:00','DE',10471),(222,'2015-03-09 00:00:00','DE',12242),(222,'2015-03-16 00:00:00','DE',15859),(222,'2015-03-23 00:00:00','DE',17828),(222,'2015-03-30 00:00:00','DE',19943),(222,'2015-04-06 00:00:00','DE',23270),(222,'2015-04-13 00:00:00','DE',24351),(222,'2015-04-20 00:00:00','DE',25297),(222,'2015-04-27 00:00:00','DE',26526),(222,'2015-05-04 00:00:00','DE',27321),(222,'2015-05-11 00:00:00','DE',30351),(222,'2015-05-18 00:00:00','DE',30459),(222,'2015-05-25 00:00:00','DE',32101),(222,'2015-06-01 00:00:00','DE',32950),(222,'2015-06-08 00:00:00','DE',33934),(222,'2015-06-15 00:00:00','DE',35649),(222,'2015-06-22 00:00:00','DE',37423),(222,'2015-06-29 00:00:00','DE',37423),(222,'2015-07-06 00:00:00','DE',37423),(222,'2015-07-13 00:00:00','DE',38283),(222,'2015-07-20 00:00:00','DE',40505),(222,'2015-07-27 00:00:00','DE',40505),(222,'2015-08-03 00:00:00','DE',40505),(222,'2015-08-10 00:00:00','DE',40505),(222,'2015-08-17 00:00:00','DE',40505),(222,'2015-08-24 00:00:00','DE',40542),(222,'2015-08-31 00:00:00','DE',41845),(222,'2015-09-07 00:00:00','DE',43514),(222,'2015-09-14 00:00:00','DE',43719),(222,'2015-09-21 00:00:00','DE',43999),(222,'2015-09-28 00:00:00','DE',45156),(222,'2015-10-05 00:00:00','DE',45795),(222,'2015-10-12 00:00:00','DE',46295),(222,'2015-10-19 00:00:00','DE',46485),(222,'2015-10-26 00:00:00','DE',47319),(222,'2015-11-02 00:00:00','DE',48494),(222,'2015-11-09 00:00:00','DE',49502),(222,'2015-11-16 00:00:00','DE',50042),(222,'2015-11-23 00:00:00','DE',50212),(222,'2015-11-30 00:00:00','DE',50952),(222,'2015-12-07 00:00:00','DE',51332),(222,'2015-12-14 00:00:00','DE',51692),(222,'2015-12-21 00:00:00','DE',53304),(222,'2015-12-28 00:00:00','DE',54004),(142,'2015-07-13 00:00:00','DE',15139),(142,'2015-07-20 00:00:00','DE',18177),(142,'2015-07-27 00:00:00','DE',22365),(142,'2015-08-03 00:00:00','DE',25121),(142,'2015-08-10 00:00:00','DE',26544),(142,'2015-08-17 00:00:00','DE',28626),(142,'2015-08-24 00:00:00','DE',29741),(142,'2015-08-31 00:00:00','DE',32498),(142,'2015-09-07 00:00:00','DE',35380),(142,'2015-09-14 00:00:00','DE',37721),(142,'2015-09-21 00:00:00','DE',41354),(142,'2015-09-28 00:00:00','DE',42568),(142,'2015-10-05 00:00:00','DE',45178),(142,'2015-10-12 00:00:00','DE',52661),(142,'2015-10-19 00:00:00','DE',58997),(142,'2015-10-26 00:00:00','DE',67105),(142,'2015-11-02 00:00:00','DE',80371),(142,'2015-11-09 00:00:00','DE',83314),(142,'2015-11-16 00:00:00','DE',86108),(142,'2015-11-23 00:00:00','DE',86833),(142,'2015-11-30 00:00:00','DE',89357),(142,'2015-12-07 00:00:00','DE',91183),(142,'2015-12-14 00:00:00','DE',92708),(142,'2015-12-21 00:00:00','DE',94181),(142,'2015-12-28 00:00:00','DE',94750),(162,'2015-10-19 00:00:00','DE',544809),(162,'2015-10-26 00:00:00','DE',569422),(162,'2015-11-02 00:00:00','DE',606406),(162,'2015-11-09 00:00:00','DE',625975),(162,'2015-11-16 00:00:00','DE',644365),(162,'2015-11-23 00:00:00','DE',655620),(162,'2015-11-30 00:00:00','DE',675233),(162,'2015-12-07 00:00:00','DE',678683),(162,'2015-12-14 00:00:00','DE',682622),(162,'2015-12-21 00:00:00','DE',683217),(162,'2015-12-28 00:00:00','DE',683777),(302,'2015-02-02 00:00:00','DE',10299),(302,'2015-02-09 00:00:00','DE',11217),(302,'2015-02-16 00:00:00','DE',12816),(302,'2015-02-23 00:00:00','DE',13842),(302,'2015-03-02 00:00:00','DE',21971),(302,'2015-03-09 00:00:00','DE',41191),(302,'2015-03-16 00:00:00','DE',48808),(302,'2015-03-23 00:00:00','DE',56244),(302,'2015-03-30 00:00:00','DE',60291),(302,'2015-04-06 00:00:00','DE',64538),(302,'2015-04-13 00:00:00','DE',66972),(302,'2015-04-20 00:00:00','DE',68855),(302,'2015-04-27 00:00:00','DE',74107),(302,'2015-05-04 00:00:00','DE',75144),(302,'2015-05-11 00:00:00','DE',77816),(302,'2015-05-18 00:00:00','DE',86395),(302,'2015-05-25 00:00:00','DE',90021),(302,'2015-06-01 00:00:00','DE',92319),(302,'2015-06-08 00:00:00','DE',95251),(302,'2015-06-15 00:00:00','DE',95731),(302,'2015-06-22 00:00:00','DE',97033),(302,'2015-06-29 00:00:00','DE',107353),(302,'2015-07-06 00:00:00','DE',110571),(302,'2015-07-13 00:00:00','DE',110771),(302,'2015-07-20 00:00:00','DE',110771),(302,'2015-07-27 00:00:00','DE',110771),(302,'2015-08-03 00:00:00','DE',111350),(302,'2015-08-10 00:00:00','DE',112824),(302,'2015-08-17 00:00:00','DE',113581),(302,'2015-08-24 00:00:00','DE',114596),(302,'2015-08-31 00:00:00','DE',115026),(302,'2015-09-07 00:00:00','DE',115686),(302,'2015-09-14 00:00:00','DE',123043),(302,'2015-09-21 00:00:00','DE',132987),(302,'2015-09-28 00:00:00','DE',142522),(302,'2015-10-05 00:00:00','DE',147234),(302,'2015-10-12 00:00:00','DE',152242),(302,'2015-10-19 00:00:00','DE',152452),(302,'2015-10-26 00:00:00','DE',152741),(302,'2015-11-02 00:00:00','DE',152741),(302,'2015-11-09 00:00:00','DE',152921),(302,'2015-11-16 00:00:00','DE',153121),(302,'2015-11-23 00:00:00','DE',153121),(302,'2015-11-30 00:00:00','DE',153121),(302,'2015-12-07 00:00:00','DE',153121),(302,'2015-12-14 00:00:00','DE',153121),(302,'2015-12-21 00:00:00','DE',153121),(302,'2015-12-28 00:00:00','DE',153586),(322,'2015-03-30 00:00:00','DE',291),(322,'2015-04-06 00:00:00','DE',291),(322,'2015-04-13 00:00:00','DE',291),(322,'2015-04-20 00:00:00','DE',291),(322,'2015-04-27 00:00:00','DE',291),(322,'2015-05-04 00:00:00','DE',291),(322,'2015-05-11 00:00:00','DE',291),(322,'2015-05-18 00:00:00','DE',297),(322,'2015-05-25 00:00:00','DE',327),(322,'2015-06-01 00:00:00','DE',448),(322,'2015-06-08 00:00:00','DE',449),(322,'2015-06-15 00:00:00','DE',679),(322,'2015-06-22 00:00:00','DE',679),(322,'2015-06-29 00:00:00','DE',932),(322,'2015-07-06 00:00:00','DE',932),(322,'2015-07-13 00:00:00','DE',1122),(322,'2015-07-20 00:00:00','DE',1212),(322,'2015-07-27 00:00:00','DE',1302),(322,'2015-08-03 00:00:00','DE',2072),(322,'2015-08-10 00:00:00','DE',2072),(322,'2015-08-17 00:00:00','DE',2172),(322,'2015-08-24 00:00:00','DE',2949),(322,'2015-08-31 00:00:00','DE',3513),(322,'2015-09-07 00:00:00','DE',3813),(322,'2015-09-14 00:00:00','DE',3943),(322,'2015-09-21 00:00:00','DE',4086),(322,'2015-09-28 00:00:00','DE',4086),(322,'2015-10-05 00:00:00','DE',4086),(322,'2015-10-12 00:00:00','DE',4086),(322,'2015-10-19 00:00:00','DE',4086),(322,'2015-10-26 00:00:00','DE',4086),(322,'2015-11-02 00:00:00','DE',4086),(322,'2015-11-09 00:00:00','DE',4086),(322,'2015-11-16 00:00:00','DE',5019),(322,'2015-11-23 00:00:00','DE',5189),(322,'2015-11-30 00:00:00','DE',5379),(322,'2015-12-07 00:00:00','DE',5709),(322,'2015-12-14 00:00:00','DE',6121),(322,'2015-12-21 00:00:00','DE',7590),(322,'2015-12-28 00:00:00','DE',7916),(1173,'2015-09-21 00:00:00','DE',63),(1173,'2015-09-28 00:00:00','DE',63),(1173,'2015-10-05 00:00:00','DE',63),(1173,'2015-10-12 00:00:00','DE',63),(1173,'2015-10-19 00:00:00','DE',63),(1173,'2015-10-26 00:00:00','DE',63),(1173,'2015-11-02 00:00:00','DE',63),(1173,'2015-11-09 00:00:00','DE',568),(1173,'2015-11-16 00:00:00','DE',617),(1173,'2015-11-23 00:00:00','DE',617),(1173,'2015-11-30 00:00:00','DE',617),(1173,'2015-12-07 00:00:00','DE',767),(1173,'2015-12-14 00:00:00','DE',773),(1173,'2015-12-21 00:00:00','DE',1012),(1173,'2015-12-28 00:00:00','DE',1317),(332,'2015-09-07 00:00:00','DE',804),(332,'2015-09-14 00:00:00','DE',1284),(332,'2015-09-21 00:00:00','DE',1504),(332,'2015-09-28 00:00:00','DE',1954),(332,'2015-10-05 00:00:00','DE',1954),(332,'2015-10-12 00:00:00','DE',2364),(332,'2015-10-19 00:00:00','DE',2778),(332,'2015-10-26 00:00:00','DE',3540),(332,'2015-11-02 00:00:00','DE',3790),(332,'2015-11-09 00:00:00','DE',4429),(332,'2015-11-16 00:00:00','DE',5609),(332,'2015-11-23 00:00:00','DE',6019),(332,'2015-11-30 00:00:00','DE',6229),(332,'2015-12-07 00:00:00','DE',6469),(332,'2015-12-14 00:00:00','DE',6639),(332,'2015-12-21 00:00:00','DE',6949),(332,'2015-12-28 00:00:00','DE',7069),(1172,'2015-11-30 00:00:00','DE',450),(1172,'2015-12-07 00:00:00','DE',571),(1172,'2015-12-14 00:00:00','DE',627),(1172,'2015-12-21 00:00:00','DE',627),(1172,'2015-12-28 00:00:00','DE',630),(22,'2015-02-16 00:00:00','DE',393787),(22,'2015-02-23 00:00:00','DE',447328),(22,'2015-03-02 00:00:00','DE',453460),(22,'2015-03-09 00:00:00','DE',464078),(22,'2015-03-16 00:00:00','DE',472577),(22,'2015-03-23 00:00:00','DE',501066),(22,'2015-03-30 00:00:00','DE',535116),(22,'2015-04-06 00:00:00','DE',553187),(22,'2015-04-13 00:00:00','DE',575450),(22,'2015-04-20 00:00:00','DE',599886),(22,'2015-04-27 00:00:00','DE',613544),(22,'2015-05-04 00:00:00','DE',633861),(22,'2015-05-11 00:00:00','DE',643169),(22,'2015-05-18 00:00:00','DE',666418),(22,'2015-05-25 00:00:00','DE',670980),(22,'2015-06-01 00:00:00','DE',671577),(22,'2015-06-08 00:00:00','DE',671577),(22,'2015-06-15 00:00:00','DE',671577),(22,'2015-06-22 00:00:00','DE',674280),(22,'2015-06-29 00:00:00','DE',682968),(22,'2015-07-06 00:00:00','DE',682968),(22,'2015-07-13 00:00:00','DE',702841),(22,'2015-07-20 00:00:00','DE',733034),(22,'2015-07-27 00:00:00','DE',744288),(22,'2015-08-03 00:00:00','DE',815111),(22,'2015-08-10 00:00:00','DE',859873),(22,'2015-08-17 00:00:00','DE',860568),(22,'2015-08-24 00:00:00','DE',883570),(22,'2015-08-31 00:00:00','DE',906892),(22,'2015-09-07 00:00:00','DE',908754),(22,'2015-09-14 00:00:00','DE',909094),(22,'2015-09-21 00:00:00','DE',910173),(22,'2015-09-28 00:00:00','DE',911420),(22,'2015-10-05 00:00:00','DE',923424),(22,'2015-10-12 00:00:00','DE',938938),(22,'2015-10-19 00:00:00','DE',939586),(22,'2015-10-26 00:00:00','DE',945310),(22,'2015-11-02 00:00:00','DE',949615),(22,'2015-11-09 00:00:00','DE',950522),(22,'2015-11-16 00:00:00','DE',951253),(22,'2015-11-23 00:00:00','DE',952847),(22,'2015-11-30 00:00:00','DE',952847),(22,'2015-12-07 00:00:00','DE',952847),(22,'2015-12-14 00:00:00','DE',984257),(22,'2015-12-21 00:00:00','DE',997548),(22,'2015-12-28 00:00:00','DE',997548),(292,'2015-02-02 00:00:00','DE',64519),(292,'2015-02-09 00:00:00','DE',64770),(292,'2015-02-16 00:00:00','DE',70039),(292,'2015-02-23 00:00:00','DE',73161),(292,'2015-03-02 00:00:00','DE',75913),(292,'2015-03-09 00:00:00','DE',78174),(292,'2015-03-16 00:00:00','DE',81663),(292,'2015-03-23 00:00:00','DE',83243),(292,'2015-03-30 00:00:00','DE',90588),(292,'2015-04-06 00:00:00','DE',96412),(292,'2015-04-13 00:00:00','DE',99915),(292,'2015-04-20 00:00:00','DE',102041),(292,'2015-04-27 00:00:00','DE',105028),(292,'2015-05-04 00:00:00','DE',108137),(292,'2015-05-11 00:00:00','DE',111102),(292,'2015-05-18 00:00:00','DE',112179),(292,'2015-05-25 00:00:00','DE',116053),(292,'2015-06-01 00:00:00','DE',119305),(292,'2015-06-08 00:00:00','DE',123313),(292,'2015-06-15 00:00:00','DE',137636),(292,'2015-06-22 00:00:00','DE',146872),(292,'2015-06-29 00:00:00','DE',149847),(292,'2015-07-06 00:00:00','DE',150693),(292,'2015-07-13 00:00:00','DE',151856),(292,'2015-07-20 00:00:00','DE',153645),(292,'2015-07-27 00:00:00','DE',153852),(292,'2015-08-03 00:00:00','DE',153852),(292,'2015-08-10 00:00:00','DE',156264),(292,'2015-08-17 00:00:00','DE',156923),(292,'2015-08-24 00:00:00','DE',157009),(292,'2015-08-31 00:00:00','DE',157009),(292,'2015-09-07 00:00:00','DE',157009),(292,'2015-09-14 00:00:00','DE',157009),(292,'2015-09-21 00:00:00','DE',157009),(292,'2015-09-28 00:00:00','DE',157009),(292,'2015-10-05 00:00:00','DE',157068),(292,'2015-10-12 00:00:00','DE',157068),(292,'2015-10-19 00:00:00','DE',157175),(292,'2015-10-26 00:00:00','DE',157175),(292,'2015-11-02 00:00:00','DE',157175),(292,'2015-11-09 00:00:00','DE',157175),(292,'2015-11-16 00:00:00','DE',157175),(292,'2015-11-23 00:00:00','DE',157175),(292,'2015-11-30 00:00:00','DE',160333),(292,'2015-12-07 00:00:00','DE',166547),(292,'2015-12-14 00:00:00','DE',169464),(292,'2015-12-21 00:00:00','DE',169613),(292,'2015-12-28 00:00:00','DE',169613),(1164,'2015-11-02 00:00:00','DE',75243),(1164,'2015-11-09 00:00:00','DE',76711),(1164,'2015-11-16 00:00:00','DE',79587),(1164,'2015-11-23 00:00:00','DE',80269),(1164,'2015-11-30 00:00:00','DE',82361),(1164,'2015-12-07 00:00:00','DE',84280),(1164,'2015-12-14 00:00:00','DE',84773),(1164,'2015-12-21 00:00:00','DE',84849),(1164,'2015-12-28 00:00:00','DE',84849),(92,'2015-12-28 00:00:00','DE',680148),(1170,'2015-12-28 00:00:00','DE',13972),(1171,'2015-12-28 00:00:00','DE',922);
/*!40000 ALTER TABLE `loot` ENABLE KEYS */;
UNLOCK TABLES;

--
-- Table structure for table `player`
--

DROP TABLE IF EXISTS `player`;
/*!40101 SET @saved_cs_client     = @@character_set_client */;
/*!40101 SET character_set_client = utf8 */;
CREATE TABLE `player` (
  `id` int(11) NOT NULL AUTO_INCREMENT,
  `name` varchar(50) NOT NULL,
  `tag` varchar(15) NOT NULL,
  `date_created` datetime NOT NULL,
  `date_modified` datetime DEFAULT NULL,
  PRIMARY KEY (`id`),
  UNIQUE KEY `tag` (`tag`)
) ENGINE=InnoDB AUTO_INCREMENT=1214 DEFAULT CHARSET=utf8;
/*!40101 SET character_set_client = @saved_cs_client */;

--
-- Dumping data for table `player`
--

LOCK TABLES `player` WRITE;
/*!40000 ALTER TABLE `player` DISABLE KEYS */;
INSERT INTO `player` VALUES (2,'Solo Espero','#98LPLYQ2','2015-09-11 19:39:38',NULL),(12,'people pee','#LPPVCJ8Q','2015-09-11 19:42:49',NULL),(22,'speedy','#2QJ822Q9','2015-09-11 19:43:06',NULL),(32,'jhart7509','#9CCU9OYQ','2015-09-11 19:43:26',NULL),(42,'Cpt Krunch','#8C82JGPU','2015-09-11 19:43:48',NULL),(52,'Amazingly Randy','#G28JVCV2','2015-09-11 19:44:05',NULL),(62,'Schmidt','#L8JUJQJJ','2015-09-11 19:44:21',NULL),(72,'goegono','#PPRCC9PL','2015-09-11 19:44:32',NULL),(82,'Chan','#228GL9C9J','2015-09-11 19:44:51',NULL),(92,'solowolf','#LL8YVCUJ','2015-09-11 19:45:08',NULL),(102,'moonlyfe','#899G8G2','2015-09-11 19:45:24',NULL),(112,'Campbell','#8CUCLY29','2015-09-11 19:45:39',NULL),(122,'Bob','#229Y2PPLV','2015-09-11 19:46:00',NULL),(132,'!B','#JPJQC8Q9','2015-09-11 19:46:50',NULL),(142,'Moracer3','#22QCU82Q8','2015-09-11 19:47:08',NULL),(152,'Tommy','#2OYJJRLLU','2015-09-11 19:47:24',NULL),(162,'A dozen orphans','#LJQRVOCO','2015-09-11 19:47:44',NULL),(172,'mikesaiks','#98R8U2VO','2015-09-11 19:48:04',NULL),(182,'teflondon','#22CYJ8ORJ','2015-09-11 19:48:20',NULL),(192,'Russell C110','#QPUJP8OG','2015-09-11 19:48:35',NULL),(202,'Julia','#JGCVJYJO','2015-09-11 19:49:02',NULL),(212,'Sir Reginald','#GOO8QPG','2015-09-11 19:49:26',NULL),(222,'Allan','#2YLOVVVG','2015-09-11 19:50:01',NULL),(232,'JustinIke','#2G2298VYG','2015-09-11 19:50:19',NULL),(242,'dead tuna 2','#YJRGRLJV','2015-09-11 19:50:40',NULL),(252,'Vafn','#LGYYGUQL','2015-09-11 19:50:55',NULL),(262,'KT','#2Q22RYJJC','2015-09-11 19:51:10',NULL),(272,'Dos Espero','#9C9VQOYL','2015-09-11 19:51:25',NULL),(282,'salz','#C9PUYYLY','2015-09-11 19:51:43',NULL),(292,'sleepy','#8RLGCUOY','2015-09-11 19:51:59',NULL),(302,'black eye','#RQ8URLLJ','2015-09-11 19:52:14',NULL),(312,'Little Aidsy','#8OOLJYOVG','2015-09-11 19:52:32',NULL),(322,'goober','#G8ROJCPO','2015-09-11 19:52:52',NULL),(332,'Kaedenator','#LYVVJVYCC','2015-09-11 19:53:08',NULL),(342,'si Asep','#2UPJVUJQG','2015-09-11 19:53:30',NULL),(352,'fvbk','#229UUJRRC','2015-09-11 19:53:49',NULL),(362,'Stalin','#UQJUGLJJ','2015-09-11 19:54:02',NULL),(372,'Tiny Tina','#QLQOYQ9L','2015-09-11 19:54:21',NULL),(382,'mitchell','#Y8RY8PYU','2015-09-11 19:54:49',NULL),(392,'Omega','#POU9JC9','2015-09-11 19:55:04',NULL),(402,'Captain Kirk','#282O8U8UP','2015-09-11 19:55:20',NULL),(412,'Jack_$wag','#8O9VG28PG','2015-09-11 19:55:46',NULL),(422,'Sher-Wood 2','#29RYOCVYP','2015-09-11 19:56:14',NULL),(432,'Ace','#2GGJ8RRO8','2015-09-11 19:56:34',NULL),(442,'Jazzy Jazz','#2GCLJGUR8','2015-09-11 19:57:04',NULL),(452,'CAP$','#L2G89RR','2015-09-11 20:24:36',NULL),(462,'Aidsy','#C82VP99R','2015-09-11 20:24:55',NULL),(472,'Space Turtle','#LVVCGV2V','2015-09-12 02:19:39',NULL),(482,'pitcha','#8CQPQVOR','2015-09-12 15:11:43',NULL),(492,'JAZZ','#2YOQUJRJU','2015-09-12 15:12:10',NULL),(502,'Zac19','#82J2RQPG','2015-09-12 15:19:08',NULL),(512,'gbomb','#VGYGRGOC','2015-09-12 15:19:34',NULL),(522,'Closecourters','#RP98CLPV','2015-09-12 15:19:53',NULL),(532,'kearstin07','#9PY8QR99','2015-09-12 15:20:09',NULL),(542,'AsianPlague','#88PUL8JJ','2015-09-12 15:20:59',NULL),(552,'Cole The Amazin','#PUJVULP','2015-09-12 15:21:14',NULL),(562,'Xena','#GJLV8OPR','2015-09-12 15:21:30',NULL),(572,'TEC31974','#82RYQQYL','2015-09-12 15:22:00',NULL),(582,'BOOM','#28YVRG8CO','2015-09-12 15:23:19',NULL),(592,'The Punisher','#89YPYP9C','2015-09-12 15:23:42',NULL),(602,'MONKEY','#CLR98VUP','2015-09-12 15:23:57',NULL),(612,'beard man','#229CQULVG','2015-09-12 15:24:15',NULL),(622,'the destroyer','#29PCLGLLO','2015-09-12 15:24:31',NULL),(632,'J-Cakes','#28J8RJ8JG','2015-09-12 15:24:49',NULL),(642,'Thunder','#2ULGL8Y2C','2015-09-12 15:25:05',NULL),(652,'scifilord','#G6DHW7E','2015-09-12 16:25:37',NULL),(662,'Porkchop','#7DHU6SH','2015-09-12 16:26:19',NULL),(672,'gotsh','#QG99JYR','2015-09-12 16:28:35',NULL),(682,'cockneyking','#2OUJC9C2Q','2015-09-12 16:28:54',NULL),(692,'churnin\' urn','#RVYCLQU9','2015-09-12 16:29:15',NULL),(702,'Batman','#YVQJ82G8','2015-09-12 16:29:33',NULL),(712,'Maddog','#98VPGQLP','2015-09-12 16:29:51',NULL),(722,'craig','#28YJPPOOC','2015-09-12 16:30:11',NULL),(732,'cflack','#JCOP2LVC','2015-09-12 16:30:32',NULL),(742,'Balaclava Sebas','#PCJVQGVY','2015-09-12 16:31:01',NULL),(752,'floydthebarber','#RVRLLPVY','2015-09-12 16:31:23',NULL),(762,'Davis','#QY92P9GO','2015-09-12 16:32:33',NULL),(772,'moosemaster','#GLVUJVG8','2015-09-12 16:32:55',NULL),(782,'Breaux','#22G9828UL','2015-09-12 16:33:17',NULL),(792,'atheon','#2C9VPJ2QO','2015-09-12 16:33:41',NULL),(802,'dividableskate4','#2OP8YCRL2','2015-09-12 16:34:07',NULL),(812,'ROLLER','#828YGC2RL','2015-09-12 16:34:36',NULL),(822,'splouieniouz','#LRPVO2UV','2015-09-12 18:43:25',NULL),(832,'M*H3*D','#9L8QVOG','2015-09-12 18:43:46',NULL),(842,'jhalot14','#QJ8QP2LU','2015-09-12 18:44:04',NULL),(852,'ethan','#28OQPQCLR','2015-09-12 18:44:22',NULL),(862,'<3ccldr<3','#222C9L8C2','2015-09-12 18:44:41',NULL),(872,'Gwn','#2YV8QVQGJ','2015-09-12 18:46:14',NULL),(882,'steel','#2RR29O2JJ','2015-09-12 18:46:28',NULL),(892,'hotshot','#2JOQ88YCC','2015-09-12 18:46:45',NULL),(902,'louilen','#2JCLYUCUJ','2015-09-12 18:47:03',NULL),(912,'christen','#LOC8OORJ','2015-09-12 18:47:21',NULL),(922,'Streaker333','#8U9U9J','2015-09-12 19:02:45',NULL),(932,'Wongnam','#YOPR9G9Q','2015-09-12 19:03:03',NULL),(942,'Brian','#YQUQ8GLO','2015-09-12 19:03:19',NULL),(952,'ryry dog','#RUJ2C2OL','2015-09-12 19:03:35',NULL),(962,'awesome person','#RPUG8LU','2015-09-12 19:03:49',NULL),(972,'Wong','#L9QG2OY','2015-09-12 19:04:04',NULL),(982,'Brian 2.0','#28UURVGQ','2015-09-12 19:04:25',NULL),(992,'WhatsInTheBox?','#8RVRVGL','2015-09-12 19:04:43',NULL),(1002,'Wonga','#2GJYGJVCU','2015-09-12 19:05:01',NULL),(1012,'steeljaw','#2JVGYOQ8G','2015-09-12 19:05:22',NULL),(1022,'urpilsner','#9UVU8Y92','2015-09-12 19:39:08',NULL),(1032,'the duke','#CYGGOJ2U','2015-09-12 19:39:23',NULL),(1042,'fraz','#U9L9UYLR','2015-09-12 19:39:42',NULL),(1052,'Dizzy','#PP2URCVO','2015-09-12 19:40:10',NULL),(1062,'Quicksilver101','#CC89CUVP','2015-09-12 19:40:27',NULL),(1072,'Jodes','#2YLO9L9PR','2015-09-12 19:40:45',NULL),(1082,'Matthew','#2OUYVVG2','2015-09-12 19:41:04',NULL),(1092,'Darthtillerfr','#JJ82GCUY','2015-09-12 19:41:29',NULL),(1102,'Landon90','#2O9VGPGGV','2015-09-12 19:41:47',NULL),(1112,'Pewdiepie','#22UCVLLPC','2015-09-12 19:42:06',NULL),(1122,'Jacob','#9GYQLOCL','2015-09-12 19:42:26',NULL),(1132,'DERPY_KING','#CRPOVC9C','2015-09-12 19:42:58',NULL),(1142,'braybarian','#28RVUJQ9Y','2015-09-12 19:43:23',NULL),(1152,'Mxrty0915','#QOQRY8VO','2015-09-12 19:44:05',NULL),(1162,'minecraft','#UL88POO2','2015-09-12 19:44:25',NULL),(1163,'Ali Baba','#2O99GGRUU','2015-12-28 16:19:14',NULL),(1164,'slamtown1983','#QVGCQ9PQ','2015-12-28 16:19:36',NULL),(1165,'Davinsky','#J9QPQ9JP','2015-12-28 16:19:55',NULL),(1166,'TheySeeMeRollin','#28LYC9Q2G','2015-12-28 16:20:35',NULL),(1167,'targus','#VGRQY8LL','2015-12-28 16:20:53',NULL),(1168,'King Zoll','#9QL8VCC8','2015-12-28 16:21:40',NULL),(1169,'The Legend','#22YQC9LP','2015-12-28 16:22:00',NULL),(1170,'Red Dragon','#2QQJULJJO','2015-12-28 16:22:16',NULL),(1171,'xXCRAZYXx','#2JPYO9999','2015-12-28 16:22:45',NULL),(1172,'Alex W','#YOCPVU8Y','2015-12-28 16:23:02',NULL),(1173,'Impekkable','#2RLVC22GQ','2015-12-28 16:23:23',NULL),(1174,'Len & Herb','#PUPRYP2','2015-12-28 16:23:36',NULL),(1175,'king theo','#2GGLJUPVR','2015-12-28 16:24:18',NULL),(1176,'xieck','#8LCLC2PCL','2015-12-28 16:24:32',NULL),(1177,'eKo Dezzii','#2LROOCCRP','2015-12-28 21:01:45',NULL),(1178,'Corxxter77','#QRLY8JC9','2015-12-28 21:02:49',NULL),(1179,'BLAKCLOUD9','#22GQ22J2C','2015-12-28 21:03:05',NULL),(1180,'DILLYBUG17','#8228GCCO','2015-12-28 21:03:22',NULL),(1181,'tjays51','#YQYORJYJ','2015-12-28 21:03:36',NULL),(1182,'The Schist','#LJ8GCGPU','2015-12-28 21:03:54',NULL),(1183,'Zipline66','#C2CRCG9V','2015-12-28 21:04:11',NULL),(1184,'#1','#QPP2LPV2','2015-12-28 21:04:22',NULL),(1185,'Seth Esquire II','#2QJY9P9PU','2015-12-28 21:04:41',NULL),(1186,'mikey4451','#2CLGOPV9U','2015-12-28 21:04:59',NULL),(1187,'haf_ma','#8QR8ULGLC','2015-12-28 21:05:15',NULL),(1188,'ANISA','#P2C8U2UR','2015-12-28 21:17:25',NULL),(1189,'Fetih','#GQJP9YP','2015-12-28 21:17:42',NULL),(1190,'Mehmed Khan','#2LO2G92V8','2015-12-28 21:18:02',NULL),(1191,'Uciha Hitachi','#29JYQUUQ9','2015-12-28 21:18:21',NULL),(1192,'**Herry veraS**','#QP8GG9QP','2015-12-28 21:18:43',NULL),(1193,'hendry','#VO2QOVQJ','2015-12-28 21:19:06',NULL),(1194,'Uciha Sasuke','#2PLQUPL92','2015-12-28 21:19:28',NULL),(1195,'***(Herry)***','#RUPPULVQ','2015-12-28 21:19:44',NULL),(1196,'NINA','#2PPUJ9OVJ','2015-12-28 21:20:02',NULL),(1197,'datsuranta','#8Y9882U29','2015-12-28 21:20:16',NULL),(1198,'ali17','#9OV89LGG','2015-12-28 22:07:20',NULL),(1199,'Fardin.','#28GV228LV','2015-12-28 22:09:14',NULL),(1200,'yunesgc','#88ULCCR9','2015-12-28 22:09:28',NULL),(1201,'mori','#2QOQG22UO','2015-12-28 22:09:41',NULL),(1202,'mohammadshah','#2QVV9OQJ9','2015-12-28 22:09:58',NULL),(1203,'Nafaas','#2RUJGRY8J','2015-12-28 22:10:16',NULL),(1204,'godfather','#299C2JCU9','2015-12-28 22:10:32',NULL),(1205,'arabic','#2RYGYR2VO','2015-12-28 22:10:50',NULL),(1206,'nz','#RVCOROG8','2015-12-28 22:11:06',NULL),(1207,'Ghazal','#2YRJUJ9GR','2015-12-28 22:11:24',NULL),(1208,'sobhan','#GP88VO22','2015-12-28 22:11:41',NULL),(1209,'arabic2','#2VO9O9LLV','2015-12-28 22:11:54',NULL),(1210,'mori','#22UL9LGJYY','2015-12-28 22:12:15',NULL),(1211,'mehrsa','#889LGPVUQ','2015-12-28 22:12:30',NULL),(1212,'foruz ali','#8LOGYCJQ8','2015-12-28 22:12:46',NULL),(1213,'Qzaster','#Q9QCCQUR','2015-12-29 11:23:25',NULL);
/*!40000 ALTER TABLE `player` ENABLE KEYS */;
UNLOCK TABLES;

--
-- Table structure for table `war`
--

DROP TABLE IF EXISTS `war`;
/*!40101 SET @saved_cs_client     = @@character_set_client */;
/*!40101 SET character_set_client = utf8 */;
CREATE TABLE `war` (
  `id` int(11) NOT NULL AUTO_INCREMENT,
  `first_clan_id` int(11) NOT NULL,
  `second_clan_id` int(11) NOT NULL,
  `size` int(11) NOT NULL,
  `date_created` datetime NOT NULL,
  `date_modified` datetime DEFAULT NULL,
  PRIMARY KEY (`id`),
  KEY `first_clan_id` (`first_clan_id`),
  KEY `second_clan_id` (`second_clan_id`),
  CONSTRAINT `war_ibfk_1` FOREIGN KEY (`first_clan_id`) REFERENCES `clan` (`id`),
  CONSTRAINT `war_ibfk_2` FOREIGN KEY (`second_clan_id`) REFERENCES `clan` (`id`)
) ENGINE=InnoDB AUTO_INCREMENT=46 DEFAULT CHARSET=utf8;
/*!40101 SET character_set_client = @saved_cs_client */;

--
-- Dumping data for table `war`
--

LOCK TABLES `war` WRITE;
/*!40000 ALTER TABLE `war` DISABLE KEYS */;
INSERT INTO `war` VALUES (2,2,12,15,'2015-09-12 15:07:31','2015-09-12 16:10:09'),(12,2,22,15,'2015-09-12 16:22:23','2015-09-12 18:12:07'),(22,2,32,10,'2015-09-12 18:35:31','2015-09-12 19:00:02'),(32,2,42,10,'2015-09-12 19:01:30','2015-09-12 19:34:50'),(42,2,52,15,'2015-09-12 19:36:30','2015-09-13 21:12:20'),(43,2,53,10,'2015-12-28 21:00:17','2015-12-28 21:14:08'),(44,2,54,10,'2015-12-28 21:15:30','2015-12-28 21:26:31'),(45,2,55,15,'2015-12-28 21:28:13','2015-12-29 12:28:11');
/*!40000 ALTER TABLE `war` ENABLE KEYS */;
UNLOCK TABLES;

--
-- Table structure for table `war_attack`
--

DROP TABLE IF EXISTS `war_attack`;
/*!40101 SET @saved_cs_client     = @@character_set_client */;
/*!40101 SET character_set_client = utf8 */;
CREATE TABLE `war_attack` (
  `war_id` int(11) NOT NULL,
  `attacker_id` int(11) NOT NULL,
  `defender_id` int(11) NOT NULL,
  `attacker_clan_id` int(11) NOT NULL,
  `defender_clan_id` int(11) NOT NULL,
  `stars` int(11) NOT NULL DEFAULT '0',
  `date_created` datetime NOT NULL,
  `date_modified` datetime DEFAULT NULL,
  PRIMARY KEY (`war_id`,`attacker_id`,`defender_id`),
  KEY `war_id` (`war_id`,`defender_id`),
  KEY `attacker_clan_id` (`attacker_clan_id`),
  KEY `defender_clan_id` (`defender_clan_id`),
  CONSTRAINT `war_attack_ibfk_1` FOREIGN KEY (`war_id`, `attacker_id`) REFERENCES `war_player` (`war_id`, `player_id`) ON DELETE CASCADE,
  CONSTRAINT `war_attack_ibfk_2` FOREIGN KEY (`war_id`, `defender_id`) REFERENCES `war_player` (`war_id`, `player_id`) ON DELETE CASCADE,
  CONSTRAINT `war_attack_ibfk_3` FOREIGN KEY (`attacker_clan_id`) REFERENCES `clan` (`id`) ON DELETE CASCADE,
  CONSTRAINT `war_attack_ibfk_4` FOREIGN KEY (`defender_clan_id`) REFERENCES `clan` (`id`) ON DELETE CASCADE
) ENGINE=InnoDB DEFAULT CHARSET=utf8;
/*!40101 SET character_set_client = @saved_cs_client */;

--
-- Dumping data for table `war_attack`
--

LOCK TABLES `war_attack` WRITE;
/*!40000 ALTER TABLE `war_attack` DISABLE KEYS */;
INSERT INTO `war_attack` VALUES (2,22,512,2,12,1,'2015-09-12 15:41:31',NULL),(2,22,522,2,12,1,'2015-09-12 15:40:34',NULL),(2,42,502,2,12,2,'2015-09-12 15:30:22',NULL),(2,42,512,2,12,1,'2015-09-12 15:27:41',NULL),(2,82,542,2,12,3,'2015-09-12 15:29:09',NULL),(2,82,582,2,12,1,'2015-09-12 15:30:01',NULL),(2,132,512,2,12,2,'2015-09-12 15:46:50',NULL),(2,132,632,2,12,3,'2015-09-12 16:10:09',NULL),(2,182,572,2,12,3,'2015-09-12 15:32:54',NULL),(2,182,622,2,12,3,'2015-09-12 15:52:42',NULL),(2,222,522,2,12,2,'2015-09-12 15:42:29',NULL),(2,222,552,2,12,3,'2015-09-12 15:29:40',NULL),(2,232,632,2,12,2,'2015-09-12 15:27:17',NULL),(2,242,532,2,12,2,'2015-09-12 15:38:18',NULL),(2,242,582,2,12,3,'2015-09-12 15:39:18',NULL),(2,282,582,2,12,2,'2015-09-12 15:38:48',NULL),(2,282,592,2,12,2,'2015-09-12 15:29:23',NULL),(2,322,602,2,12,3,'2015-09-12 15:33:56',NULL),(2,322,612,2,12,3,'2015-09-12 15:40:55',NULL),(2,392,562,2,12,3,'2015-09-12 15:28:33',NULL),(2,392,592,2,12,3,'2015-09-12 15:30:45',NULL),(2,412,642,2,12,3,'2015-09-12 15:28:14',NULL),(2,502,22,12,2,2,'2015-09-12 15:47:09',NULL),(2,502,82,12,2,3,'2015-09-12 15:54:18',NULL),(2,512,42,12,2,2,'2015-09-12 15:46:09',NULL),(2,512,242,12,2,2,'2015-09-12 16:06:09',NULL),(2,522,82,12,2,1,'2015-09-12 15:43:43',NULL),(2,522,132,12,2,2,'2015-09-12 15:32:37',NULL),(2,532,222,12,2,3,'2015-09-12 15:45:24',NULL),(2,542,302,12,2,3,'2015-09-12 15:53:07',NULL),(2,542,492,12,2,3,'2015-09-12 16:05:30',NULL),(2,552,492,12,2,1,'2015-09-12 15:42:10',NULL),(2,562,132,12,2,1,'2015-09-12 16:07:28',NULL),(2,572,222,12,2,0,'2015-09-12 15:39:59',NULL),(2,572,482,12,2,0,'2015-09-12 15:32:19',NULL),(2,582,282,12,2,3,'2015-09-12 15:33:37',NULL),(2,582,492,12,2,1,'2015-09-12 16:04:51',NULL),(2,592,132,12,2,1,'2015-09-12 16:09:00',NULL),(2,592,182,12,2,3,'2015-09-12 15:26:53',NULL),(2,602,322,12,2,3,'2015-09-12 15:31:16',NULL),(2,602,482,12,2,3,'2015-09-12 15:33:16',NULL),(2,612,232,12,2,3,'2015-09-12 15:31:55',NULL),(2,612,392,12,2,3,'2015-09-12 15:34:17',NULL),(2,622,412,12,2,3,'2015-09-12 15:34:50',NULL),(2,632,232,12,2,0,'2015-09-12 15:28:57',NULL),(2,642,412,12,2,0,'2015-09-12 16:08:18',NULL),(2,642,492,12,2,0,'2015-09-12 16:04:03',NULL),(12,12,672,2,22,0,'2015-09-12 18:04:26',NULL),(12,12,682,2,22,2,'2015-09-12 18:06:12',NULL),(12,42,672,2,22,1,'2015-09-12 18:02:53',NULL),(12,42,692,2,22,2,'2015-09-12 17:57:46',NULL),(12,82,712,2,22,0,'2015-09-12 17:06:22',NULL),(12,82,722,2,22,1,'2015-09-12 17:53:14',NULL),(12,182,742,2,22,2,'2015-09-12 17:07:17',NULL),(12,182,812,2,22,3,'2015-09-12 18:03:34',NULL),(12,192,672,2,22,0,'2015-09-12 18:08:49',NULL),(12,192,682,2,22,2,'2015-09-12 17:03:17',NULL),(12,222,712,2,22,3,'2015-09-12 17:55:39',NULL),(12,222,742,2,22,3,'2015-09-12 18:09:35',NULL),(12,242,702,2,22,3,'2015-09-12 17:02:51',NULL),(12,242,722,2,22,3,'2015-09-12 17:56:50',NULL),(12,252,792,2,22,3,'2015-09-12 17:03:39',NULL),(12,282,732,2,22,1,'2015-09-12 17:52:52',NULL),(12,282,742,2,22,1,'2015-09-12 17:54:08',NULL),(12,302,732,2,22,3,'2015-09-12 17:59:00',NULL),(12,322,762,2,22,3,'2015-09-12 17:01:19',NULL),(12,322,782,2,22,3,'2015-09-12 16:59:53',NULL),(12,332,762,2,22,0,'2015-09-12 17:00:29',NULL),(12,332,772,2,22,3,'2015-09-12 17:00:45',NULL),(12,392,752,2,22,3,'2015-09-12 16:59:31',NULL),(12,392,802,2,22,3,'2015-09-12 18:00:01',NULL),(12,672,12,22,2,0,'2015-09-12 17:54:28',NULL),(12,672,192,22,2,0,'2015-09-12 18:07:06',NULL),(12,682,42,22,2,0,'2015-09-12 17:55:16',NULL),(12,682,82,22,2,1,'2015-09-12 18:00:44',NULL),(12,692,42,22,2,2,'2015-09-12 18:02:07',NULL),(12,692,192,22,2,2,'2015-09-12 18:10:08',NULL),(12,702,242,22,2,2,'2015-09-12 17:05:06',NULL),(12,702,392,22,2,3,'2015-09-12 18:12:07',NULL),(12,712,652,22,2,3,'2015-09-12 18:05:16',NULL),(12,712,662,22,2,3,'2015-09-12 17:53:41',NULL),(12,722,222,22,2,2,'2015-09-12 18:11:16',NULL),(12,722,302,22,2,2,'2015-09-12 17:57:17',NULL),(12,732,252,22,2,3,'2015-09-12 17:58:15',NULL),(12,742,182,22,2,3,'2015-09-12 17:54:54',NULL),(12,742,282,22,2,1,'2015-09-12 17:04:16',NULL),(12,752,222,22,2,0,'2015-09-12 17:56:10',NULL),(12,752,332,22,2,3,'2015-09-12 17:02:11',NULL),(12,772,282,22,2,2,'2015-09-12 18:07:38',NULL),(12,772,322,22,2,3,'2015-09-12 17:03:59',NULL),(12,812,392,22,2,1,'2015-09-12 17:00:07',NULL),(12,812,652,22,2,1,'2015-09-12 17:01:47',NULL),(22,12,822,2,32,0,'2015-09-12 18:47:52',NULL),(22,12,842,2,32,1,'2015-09-12 18:52:19',NULL),(22,42,822,2,32,0,'2015-09-12 18:49:04',NULL),(22,42,832,2,32,2,'2015-09-12 18:50:39',NULL),(22,82,852,2,32,1,'2015-09-12 18:47:40',NULL),(22,82,872,2,32,1,'2015-09-12 18:48:06',NULL),(22,222,862,2,32,1,'2015-09-12 18:49:15',NULL),(22,232,912,2,32,3,'2015-09-12 18:48:49',NULL),(22,242,822,2,32,0,'2015-09-12 18:54:32',NULL),(22,242,842,2,32,1,'2015-09-12 18:53:33',NULL),(22,282,872,2,32,0,'2015-09-12 18:53:06',NULL),(22,282,882,2,32,3,'2015-09-12 18:49:25',NULL),(22,322,872,2,32,1,'2015-09-12 18:58:43',NULL),(22,322,902,2,32,3,'2015-09-12 18:53:59',NULL),(22,332,872,2,32,1,'2015-09-12 18:55:07',NULL),(22,332,892,2,32,3,'2015-09-12 18:53:19',NULL),(22,412,902,2,32,0,'2015-09-12 18:58:22',NULL),(22,412,912,2,32,3,'2015-09-12 18:56:52',NULL),(22,822,12,32,2,2,'2015-09-12 18:54:15',NULL),(22,822,42,32,2,2,'2015-09-12 18:59:46',NULL),(22,832,12,32,2,2,'2015-09-12 18:59:29',NULL),(22,832,42,32,2,2,'2015-09-12 18:51:30',NULL),(22,842,82,32,2,3,'2015-09-12 18:52:55',NULL),(22,842,242,32,2,1,'2015-09-12 18:51:44',NULL),(22,852,82,32,2,2,'2015-09-12 18:52:06',NULL),(22,852,242,32,2,2,'2015-09-12 18:55:35',NULL),(22,862,82,32,2,1,'2015-09-12 18:52:30',NULL),(22,862,222,32,2,3,'2015-09-12 18:50:52',NULL),(22,872,82,32,2,1,'2015-09-12 18:59:01',NULL),(22,872,282,32,2,3,'2015-09-12 18:51:05',NULL),(22,882,322,32,2,3,'2015-09-12 19:00:02',NULL),(22,882,332,32,2,3,'2015-09-12 18:48:18',NULL),(22,892,322,32,2,2,'2015-09-12 18:54:47',NULL),(22,902,232,32,2,3,'2015-09-12 18:48:33',NULL),(22,902,412,32,2,3,'2015-09-12 18:52:45',NULL),(32,12,922,2,42,1,'2015-09-12 19:24:10',NULL),(32,12,952,2,42,2,'2015-09-12 19:30:43',NULL),(32,42,932,2,42,2,'2015-09-12 19:26:22',NULL),(32,42,942,2,42,2,'2015-09-12 19:28:32',NULL),(32,82,962,2,42,2,'2015-09-12 19:26:11',NULL),(32,82,972,2,42,1,'2015-09-12 19:31:05',NULL),(32,242,952,2,42,1,'2015-09-12 19:25:29',NULL),(32,242,962,2,42,3,'2015-09-12 19:30:04',NULL),(32,282,972,2,42,2,'2015-09-12 19:24:48',NULL),(32,282,982,2,42,1,'2015-09-12 19:31:36',NULL),(32,312,1002,2,42,1,'2015-09-12 19:33:42',NULL),(32,312,1012,2,42,3,'2015-09-12 19:30:20',NULL),(32,322,982,2,42,3,'2015-09-12 19:24:38',NULL),(32,322,1002,2,42,3,'2015-09-12 19:29:43',NULL),(32,332,972,2,42,0,'2015-09-12 19:34:06',NULL),(32,332,992,2,42,3,'2015-09-12 19:24:27',NULL),(32,392,922,2,42,0,'2015-09-12 19:32:25',NULL),(32,392,972,2,42,1,'2015-09-12 19:27:09',NULL),(32,412,1002,2,42,0,'2015-09-12 19:26:32',NULL),(32,412,1012,2,42,1,'2015-09-12 19:25:42',NULL),(32,922,12,42,2,0,'2015-09-12 19:24:19',NULL),(32,922,242,42,2,2,'2015-09-12 19:26:44',NULL),(32,932,12,42,2,1,'2015-09-12 19:34:50',NULL),(32,932,42,42,2,1,'2015-09-12 19:28:57',NULL),(32,942,82,42,2,3,'2015-09-12 19:24:01',NULL),(32,942,282,42,2,3,'2015-09-12 19:28:19',NULL),(32,952,42,42,2,0,'2015-09-12 19:29:24',NULL),(32,962,12,42,2,0,'2015-09-12 19:31:16',NULL),(32,962,42,42,2,0,'2015-09-12 19:34:26',NULL),(32,972,312,42,2,3,'2015-09-12 19:29:12',NULL),(32,972,322,42,2,3,'2015-09-12 19:28:46',NULL),(32,992,322,42,2,1,'2015-09-12 19:25:03',NULL),(32,992,332,42,2,3,'2015-09-12 19:25:11',NULL),(32,1002,392,42,2,3,'2015-09-12 19:26:00',NULL),(32,1002,412,42,2,3,'2015-09-12 19:26:57',NULL),(42,22,1022,2,52,1,'2015-09-13 20:29:13',NULL),(42,22,1032,2,52,1,'2015-09-13 21:12:20',NULL),(42,42,1022,2,52,0,'2015-09-13 20:30:05',NULL),(42,42,1032,2,52,1,'2015-09-13 20:28:01',NULL),(42,82,1072,2,52,2,'2015-09-13 20:16:32',NULL),(42,82,1082,2,52,3,'2015-09-13 20:15:16',NULL),(42,92,1062,2,52,1,'2015-09-13 20:27:11',NULL),(42,92,1072,2,52,3,'2015-09-13 20:31:42',NULL),(42,132,1042,2,52,2,'2015-09-13 20:25:12',NULL),(42,142,1132,2,52,3,'2015-09-13 20:26:15',NULL),(42,222,1142,2,52,3,'2015-09-13 20:27:35',NULL),(42,232,1152,2,52,0,'2015-09-13 20:12:48',NULL),(42,242,1042,2,52,0,'2015-09-13 20:16:18',NULL),(42,242,1062,2,52,2,'2015-09-13 20:25:49',NULL),(42,282,1092,2,52,3,'2015-09-13 20:25:36',NULL),(42,282,1102,2,52,3,'2015-09-13 20:26:02',NULL),(42,312,1162,2,52,3,'2015-09-13 20:31:56',NULL),(42,322,1162,2,52,3,'2015-09-13 20:29:48',NULL),(42,332,1112,2,52,3,'2015-09-13 20:14:30',NULL),(42,332,1152,2,52,3,'2015-09-13 20:27:48',NULL),(42,392,1052,2,52,2,'2015-09-13 20:29:32',NULL),(42,392,1122,2,52,3,'2015-09-13 20:16:00',NULL),(42,412,1152,2,52,0,'2015-09-13 20:14:44',NULL),(42,412,1162,2,52,1,'2015-09-13 20:13:33',NULL),(42,1022,82,52,2,3,'2015-09-13 20:14:15',NULL),(42,1022,92,52,2,1,'2015-09-13 20:15:34',NULL),(42,1032,132,52,2,1,'2015-09-13 20:30:33',NULL),(42,1042,332,52,2,1,'2015-09-13 20:30:52',NULL),(42,1052,282,52,2,2,'2015-09-13 20:26:38',NULL),(42,1062,222,52,2,3,'2015-09-13 20:13:50',NULL),(42,1062,242,52,2,0,'2015-09-13 20:31:27',NULL),(42,1092,142,52,2,1,'2015-09-13 20:14:04',NULL),(42,1122,322,52,2,1,'2015-09-13 20:13:20',NULL),(42,1132,232,52,2,2,'2015-09-13 20:13:05',NULL),(42,1132,312,52,2,1,'2015-09-13 20:14:59',NULL),(42,1142,392,52,2,1,'2015-09-13 20:26:56',NULL),(42,1152,412,52,2,2,'2015-09-13 20:15:45',NULL),(43,42,1178,2,53,1,'2015-12-28 21:07:56',NULL),(43,42,1179,2,53,1,'2015-12-28 21:08:36',NULL),(43,82,1179,2,53,1,'2015-12-28 21:07:39',NULL),(43,82,1180,2,53,3,'2015-12-28 21:05:47',NULL),(43,162,1181,2,53,3,'2015-12-28 21:06:20',NULL),(43,252,1185,2,53,3,'2015-12-28 21:14:03',NULL),(43,252,1187,2,53,3,'2015-12-28 21:08:44',NULL),(43,282,1179,2,53,3,'2015-12-28 21:10:14',NULL),(43,282,1183,2,53,3,'2015-12-28 21:05:56',NULL),(43,322,1185,2,53,3,'2015-12-28 21:14:08',NULL),(43,322,1186,2,53,3,'2015-12-28 21:07:50',NULL),(43,392,1181,2,53,1,'2015-12-28 21:06:12',NULL),(43,392,1184,2,53,3,'2015-12-28 21:05:37',NULL),(43,1166,1178,2,53,0,'2015-12-28 21:09:50',NULL),(43,1166,1179,2,53,1,'2015-12-28 21:08:27',NULL),(43,1168,1179,2,53,2,'2015-12-28 21:11:30',NULL),(43,1168,1182,2,53,3,'2015-12-28 21:05:29',NULL),(43,1179,162,53,2,3,'2015-12-28 21:10:57',NULL),(43,1180,162,53,2,0,'2015-12-28 21:09:30',NULL),(43,1180,282,53,2,1,'2015-12-28 21:11:40',NULL),(43,1181,162,53,2,1,'2015-12-28 21:10:33',NULL),(43,1181,1166,53,2,2,'2015-12-28 21:08:53',NULL),(43,1182,282,53,2,0,'2015-12-28 21:11:09',NULL),(43,1182,1177,53,2,0,'2015-12-28 21:11:50',NULL),(43,1183,1168,53,2,1,'2015-12-28 21:09:40',NULL),(43,1186,82,53,2,0,'2015-12-28 21:10:48',NULL),(43,1186,322,53,2,2,'2015-12-28 21:06:04',NULL),(43,1187,42,53,2,0,'2015-12-28 21:08:16',NULL),(43,1187,392,53,2,0,'2015-12-28 21:08:07',NULL),(44,42,1188,2,54,1,'2015-12-28 21:23:17',NULL),(44,42,1189,2,54,3,'2015-12-28 21:23:53',NULL),(44,52,1188,2,54,1,'2015-12-28 21:26:31',NULL),(44,52,1189,2,54,1,'2015-12-28 21:23:03',NULL),(44,122,1188,2,54,1,'2015-12-28 21:26:16',NULL),(44,222,1191,2,54,3,'2015-12-28 21:21:21',NULL),(44,222,1193,2,54,3,'2015-12-28 21:23:25',NULL),(44,252,1191,2,54,1,'2015-12-28 21:26:11',NULL),(44,252,1196,2,54,3,'2015-12-28 21:20:52','2015-12-28 21:21:01'),(44,282,1190,2,54,3,'2015-12-28 21:23:39',NULL),(44,282,1194,2,54,3,'2015-12-28 21:22:46',NULL),(44,332,1197,2,54,3,'2015-12-28 21:25:27',NULL),(44,1163,1188,2,54,0,'2015-12-28 21:25:19',NULL),(44,1163,1195,2,54,3,'2015-12-28 21:24:59',NULL),(44,1166,1188,2,54,0,'2015-12-28 21:25:08',NULL),(44,1166,1192,2,54,3,'2015-12-28 21:23:09',NULL),(44,1168,1190,2,54,1,'2015-12-28 21:26:24',NULL),(44,1168,1192,2,54,2,'2015-12-28 21:21:29',NULL),(44,1188,122,54,2,2,'2015-12-28 21:25:55',NULL),(44,1189,42,54,2,2,'2015-12-28 21:20:33',NULL),(44,1189,52,54,2,2,'2015-12-28 21:25:49',NULL),(44,1190,282,54,2,2,'2015-12-28 21:20:40',NULL),(44,1190,1166,54,2,3,'2015-12-28 21:25:39',NULL),(44,1191,1163,54,2,1,'2015-12-28 21:22:08',NULL),(44,1191,1168,54,2,3,'2015-12-28 21:24:38',NULL),(44,1192,1163,54,2,2,'2015-12-28 21:22:53',NULL),(44,1192,1166,54,2,2,'2015-12-28 21:24:18',NULL),(44,1194,1163,54,2,3,'2015-12-28 21:24:47',NULL),(44,1194,1168,54,2,2,'2015-12-28 21:21:59',NULL),(44,1195,222,54,2,3,'2015-12-28 21:21:12',NULL),(44,1195,332,54,2,3,'2015-12-28 21:24:08',NULL),(44,1196,252,54,2,3,'2015-12-28 21:21:52',NULL),(44,1196,332,54,2,2,'2015-12-28 21:24:00',NULL),(45,42,1198,2,55,0,'2015-12-29 12:23:29',NULL),(45,42,1199,2,55,2,'2015-12-28 22:14:41',NULL),(45,92,1200,2,55,1,'2015-12-28 22:13:49',NULL),(45,122,1198,2,55,1,'2015-12-29 12:24:05',NULL),(45,222,1198,2,55,0,'2015-12-29 12:24:14',NULL),(45,222,1202,2,55,3,'2015-12-28 22:14:59',NULL),(45,252,1207,2,55,2,'2015-12-29 12:24:25',NULL),(45,252,1208,2,55,3,'2015-12-28 22:13:33',NULL),(45,282,1201,2,55,3,'2015-12-28 22:15:17',NULL),(45,282,1205,2,55,3,'2015-12-29 12:25:43',NULL),(45,322,1209,2,55,3,'2015-12-29 12:27:05',NULL),(45,332,1207,2,55,1,'2015-12-28 22:13:24',NULL),(45,332,1209,2,55,2,'2015-12-29 12:25:51',NULL),(45,392,1205,2,55,1,'2015-12-28 22:14:24',NULL),(45,392,1206,2,55,3,'2015-12-28 22:14:09',NULL),(45,1163,1203,2,55,2,'2015-12-28 22:15:10',NULL),(45,1166,1200,2,55,2,'2015-12-29 12:24:00',NULL),(45,1166,1203,2,55,3,'2015-12-29 12:23:36',NULL),(45,1168,1200,2,55,2,'2015-12-29 12:26:07',NULL),(45,1168,1204,2,55,3,'2015-12-28 22:14:16',NULL),(45,1170,1210,2,55,3,'2015-12-29 12:23:49',NULL),(45,1173,1211,2,55,3,'2015-12-28 22:14:48',NULL),(45,1173,1212,2,55,3,'2015-12-28 22:13:39',NULL),(45,1200,92,55,2,1,'2015-12-29 12:25:31',NULL),(45,1201,1166,55,2,1,'2015-12-29 12:26:51',NULL),(45,1202,282,55,2,0,'2015-12-29 12:25:59',NULL),(45,1203,1163,55,2,1,'2015-12-29 12:26:42',NULL),(45,1205,222,55,2,2,'2015-12-29 12:25:21',NULL),(45,1206,332,55,2,3,'2015-12-29 12:24:41',NULL),(45,1207,252,55,2,1,'2015-12-29 12:25:11',NULL),(45,1208,392,55,2,3,'2015-12-29 12:25:02',NULL),(45,1208,1170,55,2,3,'2015-12-29 12:24:53',NULL),(45,1209,252,55,2,0,'2015-12-29 12:26:16',NULL),(45,1209,322,55,2,3,'2015-12-29 12:28:11',NULL),(45,1210,1171,55,2,3,'2015-12-28 22:13:15',NULL),(45,1211,1173,55,2,0,'2015-12-29 12:27:18',NULL);
/*!40000 ALTER TABLE `war_attack` ENABLE KEYS */;
UNLOCK TABLES;

--
-- Table structure for table `war_player`
--

DROP TABLE IF EXISTS `war_player`;
/*!40101 SET @saved_cs_client     = @@character_set_client */;
/*!40101 SET character_set_client = utf8 */;
CREATE TABLE `war_player` (
  `war_id` int(11) NOT NULL,
  `player_id` int(11) NOT NULL,
  `clan_id` int(11) NOT NULL,
  `date_created` datetime NOT NULL,
  `rank` int(11) NOT NULL,
  PRIMARY KEY (`player_id`,`war_id`),
  KEY `war_id` (`war_id`),
  KEY `clan_id` (`clan_id`),
  CONSTRAINT `war_player_ibfk_1` FOREIGN KEY (`player_id`) REFERENCES `player` (`id`),
  CONSTRAINT `war_player_ibfk_2` FOREIGN KEY (`war_id`) REFERENCES `war` (`id`) ON DELETE CASCADE,
  CONSTRAINT `war_player_ibfk_3` FOREIGN KEY (`clan_id`) REFERENCES `clan` (`id`)
) ENGINE=InnoDB DEFAULT CHARSET=utf8;
/*!40101 SET character_set_client = @saved_cs_client */;

--
-- Dumping data for table `war_player`
--

LOCK TABLES `war_player` WRITE;
/*!40000 ALTER TABLE `war_player` DISABLE KEYS */;
INSERT INTO `war_player` VALUES (12,12,2,'2015-09-12 16:25:35',1),(22,12,2,'2015-09-12 18:38:38',1),(32,12,2,'2015-09-12 19:02:16',1),(2,22,2,'2015-09-12 15:11:41',1),(42,22,2,'2015-09-12 20:02:07',1),(2,42,2,'2015-09-12 15:11:41',2),(12,42,2,'2015-09-12 16:25:35',3),(22,42,2,'2015-09-12 18:38:38',2),(32,42,2,'2015-09-12 19:02:16',2),(42,42,2,'2015-09-12 19:37:39',2),(43,42,2,'2015-12-28 21:01:45',1),(44,42,2,'2015-12-28 21:16:25',3),(45,42,2,'2015-12-28 22:06:41',2),(44,52,2,'2015-12-28 21:16:25',2),(2,82,2,'2015-09-12 15:11:42',5),(12,82,2,'2015-09-12 16:25:35',5),(22,82,2,'2015-09-12 18:38:38',4),(32,82,2,'2015-09-12 19:02:16',4),(42,82,2,'2015-09-12 19:37:39',6),(43,82,2,'2015-12-28 21:01:45',2),(42,92,2,'2015-09-12 19:37:39',5),(45,92,2,'2015-12-28 22:06:41',3),(44,122,2,'2015-12-28 21:16:25',1),(45,122,2,'2015-12-28 22:06:41',1),(2,132,2,'2015-09-12 15:11:42',3),(42,132,2,'2015-09-12 19:37:39',3),(42,142,2,'2015-09-12 19:37:39',9),(43,162,2,'2015-12-28 21:01:45',3),(2,182,2,'2015-09-12 15:11:42',10),(12,182,2,'2015-09-12 16:25:35',9),(12,192,2,'2015-09-12 16:25:35',2),(2,222,2,'2015-09-12 15:11:42',8),(12,222,2,'2015-09-12 16:25:35',7),(22,222,2,'2015-09-12 18:38:38',5),(42,222,2,'2015-09-12 19:37:39',7),(44,222,2,'2015-12-28 21:16:25',8),(45,222,2,'2015-12-28 22:06:41',8),(2,232,2,'2015-09-12 15:11:42',13),(22,232,2,'2015-09-12 18:38:39',9),(42,232,2,'2015-09-12 19:37:39',12),(2,242,2,'2015-09-12 15:11:42',4),(12,242,2,'2015-09-12 16:25:35',4),(22,242,2,'2015-09-12 18:38:39',3),(32,242,2,'2015-09-12 19:02:16',3),(42,242,2,'2015-09-12 19:37:39',4),(12,252,2,'2015-09-12 16:25:35',12),(43,252,2,'2015-12-28 21:01:45',8),(44,252,2,'2015-12-28 21:16:25',10),(45,252,2,'2015-12-28 22:06:41',10),(2,282,2,'2015-09-12 15:11:42',9),(12,282,2,'2015-09-12 16:25:35',8),(22,282,2,'2015-09-12 18:38:39',6),(32,282,2,'2015-09-12 19:02:16',5),(42,282,2,'2015-09-12 19:37:40',8),(43,282,2,'2015-12-28 21:01:45',5),(44,282,2,'2015-12-28 21:16:25',5),(45,282,2,'2015-12-28 22:06:41',5),(2,302,2,'2015-09-12 15:11:43',6),(12,302,2,'2015-09-12 16:25:36',6),(32,312,2,'2015-09-12 19:02:16',8),(42,312,2,'2015-09-12 19:37:40',13),(2,322,2,'2015-09-12 15:11:43',12),(12,322,2,'2015-09-12 16:25:36',11),(22,322,2,'2015-09-12 18:38:39',8),(32,322,2,'2015-09-12 19:02:16',7),(42,322,2,'2015-09-12 19:37:40',11),(43,322,2,'2015-12-28 21:01:45',9),(45,322,2,'2015-12-28 22:06:41',12),(12,332,2,'2015-09-12 16:25:36',10),(22,332,2,'2015-09-12 18:38:40',7),(32,332,2,'2015-09-12 19:02:17',6),(42,332,2,'2015-09-12 19:37:41',10),(44,332,2,'2015-12-28 21:16:25',9),(45,332,2,'2015-12-28 22:06:41',9),(2,392,2,'2015-09-12 15:11:43',14),(12,392,2,'2015-09-12 16:25:36',15),(32,392,2,'2015-09-12 19:02:17',9),(42,392,2,'2015-09-12 19:37:41',14),(43,392,2,'2015-12-28 21:01:45',10),(45,392,2,'2015-12-28 22:06:41',15),(2,412,2,'2015-09-12 15:11:43',15),(22,412,2,'2015-09-12 18:38:40',10),(32,412,2,'2015-09-12 19:02:17',10),(42,412,2,'2015-09-12 19:37:41',15),(2,482,2,'2015-09-12 15:11:43',11),(2,492,2,'2015-09-12 15:12:11',7),(2,502,12,'2015-09-12 15:19:08',1),(2,512,12,'2015-09-12 15:19:34',2),(2,522,12,'2015-09-12 15:19:53',3),(2,532,12,'2015-09-12 15:20:09',4),(2,542,12,'2015-09-12 15:20:59',5),(2,552,12,'2015-09-12 15:21:15',6),(2,562,12,'2015-09-12 15:21:30',8),(2,572,12,'2015-09-12 15:22:00',10),(2,582,12,'2015-09-12 15:23:20',7),(2,592,12,'2015-09-12 15:23:42',9),(2,602,12,'2015-09-12 15:23:58',11),(2,612,12,'2015-09-12 15:24:15',12),(2,622,12,'2015-09-12 15:24:32',13),(2,632,12,'2015-09-12 15:24:49',14),(2,642,12,'2015-09-12 15:25:05',15),(12,652,2,'2015-09-12 16:25:37',14),(12,662,2,'2015-09-12 16:26:19',13),(12,672,22,'2015-09-12 16:28:35',1),(12,682,22,'2015-09-12 16:28:55',2),(12,692,22,'2015-09-12 16:29:15',3),(12,702,22,'2015-09-12 16:29:33',4),(12,712,22,'2015-09-12 16:29:51',5),(12,722,22,'2015-09-12 16:30:11',6),(12,732,22,'2015-09-12 16:30:32',7),(12,742,22,'2015-09-12 16:31:01',8),(12,752,22,'2015-09-12 16:31:24',9),(12,762,22,'2015-09-12 16:32:33',10),(12,772,22,'2015-09-12 16:32:56',11),(12,782,22,'2015-09-12 16:33:18',12),(12,792,22,'2015-09-12 16:33:41',13),(12,802,22,'2015-09-12 16:34:08',14),(12,812,22,'2015-09-12 16:34:36',15),(22,822,32,'2015-09-12 18:43:25',1),(22,832,32,'2015-09-12 18:43:46',2),(22,842,32,'2015-09-12 18:44:05',3),(22,852,32,'2015-09-12 18:44:22',4),(22,862,32,'2015-09-12 18:44:41',5),(22,872,32,'2015-09-12 18:46:14',6),(22,882,32,'2015-09-12 18:46:28',7),(22,892,32,'2015-09-12 18:46:45',8),(22,902,32,'2015-09-12 18:47:03',9),(22,912,32,'2015-09-12 18:47:22',10),(32,922,42,'2015-09-12 19:02:45',1),(32,932,42,'2015-09-12 19:03:03',2),(32,942,42,'2015-09-12 19:03:19',3),(32,952,42,'2015-09-12 19:03:36',4),(32,962,42,'2015-09-12 19:03:49',5),(32,972,42,'2015-09-12 19:04:05',6),(32,982,42,'2015-09-12 19:04:25',7),(32,992,42,'2015-09-12 19:04:43',8),(32,1002,42,'2015-09-12 19:05:01',9),(32,1012,42,'2015-09-12 19:05:22',10),(42,1022,52,'2015-09-12 20:02:20',1),(42,1032,52,'2015-09-12 19:39:24',2),(42,1042,52,'2015-09-12 19:39:42',3),(42,1052,52,'2015-09-12 19:40:10',4),(42,1062,52,'2015-09-12 19:40:27',5),(42,1072,52,'2015-09-12 19:40:45',6),(42,1082,52,'2015-09-12 19:41:04',7),(42,1092,52,'2015-09-12 19:41:29',8),(42,1102,52,'2015-09-12 19:41:47',9),(42,1112,52,'2015-09-12 19:42:07',10),(42,1122,52,'2015-09-12 19:42:26',11),(42,1132,52,'2015-09-12 19:42:58',12),(42,1142,52,'2015-09-12 19:43:24',13),(42,1152,52,'2015-09-12 19:44:05',14),(42,1162,52,'2015-09-12 19:44:26',15),(44,1163,2,'2015-12-28 21:16:25',6),(45,1163,2,'2015-12-28 22:06:41',6),(43,1166,2,'2015-12-28 21:01:45',4),(44,1166,2,'2015-12-28 21:16:25',4),(45,1166,2,'2015-12-28 22:06:41',4),(43,1168,2,'2015-12-28 21:01:45',6),(44,1168,2,'2015-12-28 21:16:25',7),(45,1168,2,'2015-12-28 22:06:41',7),(45,1170,2,'2015-12-28 22:06:41',11),(45,1171,2,'2015-12-28 22:06:41',13),(45,1173,2,'2015-12-28 22:06:41',14),(43,1177,2,'2015-12-28 21:01:45',7),(43,1178,53,'2015-12-28 21:02:49',1),(43,1179,53,'2015-12-28 21:03:05',2),(43,1180,53,'2015-12-28 21:03:22',3),(43,1181,53,'2015-12-28 21:03:36',4),(43,1182,53,'2015-12-28 21:03:54',5),(43,1183,53,'2015-12-28 21:04:11',6),(43,1184,53,'2015-12-28 21:04:22',7),(43,1185,53,'2015-12-28 21:04:41',8),(43,1186,53,'2015-12-28 21:04:59',9),(43,1187,53,'2015-12-28 21:05:15',10),(44,1188,54,'2015-12-28 21:17:25',1),(44,1189,54,'2015-12-28 21:17:42',2),(44,1190,54,'2015-12-28 21:18:02',3),(44,1191,54,'2015-12-28 21:18:21',4),(44,1192,54,'2015-12-28 21:18:43',5),(44,1193,54,'2015-12-28 21:19:06',6),(44,1194,54,'2015-12-28 21:19:28',7),(44,1195,54,'2015-12-28 21:19:44',8),(44,1196,54,'2015-12-28 21:20:02',9),(44,1197,54,'2015-12-28 21:20:16',10),(45,1198,55,'2015-12-28 22:07:20',1),(45,1199,55,'2015-12-28 22:09:14',2),(45,1200,55,'2015-12-28 22:09:28',3),(45,1201,55,'2015-12-28 22:09:41',4),(45,1202,55,'2015-12-28 22:09:58',5),(45,1203,55,'2015-12-28 22:10:16',6),(45,1204,55,'2015-12-28 22:10:32',7),(45,1205,55,'2015-12-28 22:10:50',8),(45,1206,55,'2015-12-28 22:11:06',9),(45,1207,55,'2015-12-28 22:11:24',10),(45,1208,55,'2015-12-28 22:11:41',11),(45,1209,55,'2015-12-28 22:11:54',12),(45,1210,55,'2015-12-28 22:12:15',13),(45,1211,55,'2015-12-28 22:12:30',14),(45,1212,55,'2015-12-28 22:12:46',15);
/*!40000 ALTER TABLE `war_player` ENABLE KEYS */;
UNLOCK TABLES;
/*!40103 SET TIME_ZONE=@OLD_TIME_ZONE */;

/*!40101 SET SQL_MODE=@OLD_SQL_MODE */;
/*!40014 SET FOREIGN_KEY_CHECKS=@OLD_FOREIGN_KEY_CHECKS */;
/*!40014 SET UNIQUE_CHECKS=@OLD_UNIQUE_CHECKS */;
/*!40101 SET CHARACTER_SET_CLIENT=@OLD_CHARACTER_SET_CLIENT */;
/*!40101 SET CHARACTER_SET_RESULTS=@OLD_CHARACTER_SET_RESULTS */;
/*!40101 SET COLLATION_CONNECTION=@OLD_COLLATION_CONNECTION */;
/*!40111 SET SQL_NOTES=@OLD_SQL_NOTES */;

-- Dump completed on 2015-12-29 18:48:03
